-- MySQL dump 10.13  Distrib 5.7.30, for Linux (x86_64)
--
-- Host: mysql    Database: braintlyviajes
-- ------------------------------------------------------
-- Server version	8.0.20

/*!40101 SET @OLD_CHARACTER_SET_CLIENT=@@CHARACTER_SET_CLIENT */;
/*!40101 SET @OLD_CHARACTER_SET_RESULTS=@@CHARACTER_SET_RESULTS */;
/*!40101 SET @OLD_COLLATION_CONNECTION=@@COLLATION_CONNECTION */;
/*!40101 SET NAMES utf8 */;
/*!40103 SET @OLD_TIME_ZONE=@@TIME_ZONE */;
/*!40103 SET TIME_ZONE='+00:00' */;
/*!40014 SET @OLD_UNIQUE_CHECKS=@@UNIQUE_CHECKS, UNIQUE_CHECKS=0 */;
/*!40014 SET @OLD_FOREIGN_KEY_CHECKS=@@FOREIGN_KEY_CHECKS, FOREIGN_KEY_CHECKS=0 */;
/*!40101 SET @OLD_SQL_MODE=@@SQL_MODE, SQL_MODE='NO_AUTO_VALUE_ON_ZERO' */;
/*!40111 SET @OLD_SQL_NOTES=@@SQL_NOTES, SQL_NOTES=0 */;

--
-- Table structure for table `airlines`
--

DROP TABLE IF EXISTS `airlines`;
/*!40101 SET @saved_cs_client     = @@character_set_client */;
/*!40101 SET character_set_client = utf8 */;
CREATE TABLE `airlines` (
  `id` bigint unsigned NOT NULL AUTO_INCREMENT,
  `name` varchar(255) COLLATE utf8mb4_unicode_ci NOT NULL,
  `slug` varchar(255) COLLATE utf8mb4_unicode_ci NOT NULL,
  `primary_color` varchar(255) COLLATE utf8mb4_unicode_ci NOT NULL,
  `secondary_color` varchar(255) COLLATE utf8mb4_unicode_ci NOT NULL,
  PRIMARY KEY (`id`)
) ENGINE=InnoDB AUTO_INCREMENT=4 DEFAULT CHARSET=utf8mb4 COLLATE=utf8mb4_unicode_ci;
/*!40101 SET character_set_client = @saved_cs_client */;

--
-- Dumping data for table `airlines`
--

LOCK TABLES `airlines` WRITE;
/*!40000 ALTER TABLE `airlines` DISABLE KEYS */;
INSERT INTO `airlines` VALUES (1,'Tiger Travels','TTR','#508AA8','#D8E4FF'),(2,'Phalcon Airlines','PAS','#35605A','#00120B'),(3,'Lion Air','LNA','#4C6663','#A31621');
/*!40000 ALTER TABLE `airlines` ENABLE KEYS */;
UNLOCK TABLES;

--
-- Table structure for table `airplanes`
--

DROP TABLE IF EXISTS `airplanes`;
/*!40101 SET @saved_cs_client     = @@character_set_client */;
/*!40101 SET character_set_client = utf8 */;
CREATE TABLE `airplanes` (
  `id` bigint unsigned NOT NULL AUTO_INCREMENT,
  `airline_id` bigint unsigned NOT NULL,
  `model` varchar(255) COLLATE utf8mb4_unicode_ci NOT NULL,
  `economy_class_seats` int unsigned NOT NULL,
  `first_class_seats` int unsigned NOT NULL,
  PRIMARY KEY (`id`),
  KEY `airplanes_airline_id_foreign` (`airline_id`),
  CONSTRAINT `airplanes_airline_id_foreign` FOREIGN KEY (`airline_id`) REFERENCES `airlines` (`id`)
) ENGINE=InnoDB AUTO_INCREMENT=12 DEFAULT CHARSET=utf8mb4 COLLATE=utf8mb4_unicode_ci;
/*!40101 SET character_set_client = @saved_cs_client */;

--
-- Dumping data for table `airplanes`
--

LOCK TABLES `airplanes` WRITE;
/*!40000 ALTER TABLE `airplanes` DISABLE KEYS */;
INSERT INTO `airplanes` VALUES (1,1,'737-800',106,20),(2,1,'737-800',106,20),(3,1,'737-800',100,16),(4,1,'Airbus A321',235,0),(5,1,'Airbus A321',235,0),(6,2,'737-800',110,20),(7,2,'737-800',100,16),(8,3,'Airbus A321',186,0),(9,3,'Airbus A321',186,0),(10,3,'Airbus A321',186,0),(11,3,'Airbus A321',186,0);
/*!40000 ALTER TABLE `airplanes` ENABLE KEYS */;
UNLOCK TABLES;

--
-- Table structure for table `airports`
--

DROP TABLE IF EXISTS `airports`;
/*!40101 SET @saved_cs_client     = @@character_set_client */;
/*!40101 SET character_set_client = utf8 */;
CREATE TABLE `airports` (
  `id` bigint unsigned NOT NULL AUTO_INCREMENT,
  `name` varchar(255) COLLATE utf8mb4_unicode_ci NOT NULL,
  `iata_code` varchar(255) COLLATE utf8mb4_unicode_ci NOT NULL,
  `location` varchar(255) COLLATE utf8mb4_unicode_ci NOT NULL,
  `country` varchar(255) COLLATE utf8mb4_unicode_ci NOT NULL,
  `lat` double(8,2) NOT NULL,
  `lon` double(8,2) NOT NULL,
  PRIMARY KEY (`id`)
) ENGINE=InnoDB AUTO_INCREMENT=13 DEFAULT CHARSET=utf8mb4 COLLATE=utf8mb4_unicode_ci;
/*!40101 SET character_set_client = @saved_cs_client */;

--
-- Dumping data for table `airports`
--

LOCK TABLES `airports` WRITE;
/*!40000 ALTER TABLE `airports` DISABLE KEYS */;
INSERT INTO `airports` VALUES (1,'Aeropuerto Internacional Ministro Pistarini','EZE','Ezeiza','Argentina',-34.85,-58.52),(2,'Aeropuerto Internacional Astor Piazzolla','MDQ','Mar del plata','Argentina',-37.93,-57.57),(3,'Aeropuerto Internacional Teniente Luis Candelaria','BRC','Bariloche','Argentina',-41.15,-71.16),(4,'Aeropuerto Internacional Comodoro Arturo Merino Benitez','SCL','Santiago de Chile','Chile',-33.39,-70.79),(5,'Aeropuerto Internacional Benito Juarez','MEX','Ciudad de Mexico','Mexico',19.44,-99.07),(6,'Aeropuerto Internacional El Dorado','BOG','Bogotá','Colombia',4.70,-74.15),(7,'Aeropuerto Internacional Jorge Chávez','LIM','Bogotá','Perú',-12.02,-77.11),(8,'Aeropuerto Internacional Viru Viru','VVI','Santa Cruz','Bolivia',-17.64,-63.13),(9,'Aeropuerto Internacional de Miaquetía Simón Bolivar','CCS','Caracas','Venezuela',10.60,-66.99),(10,'Aeropuerto Internacional de Sao Paulo-Guarulhos','GRU','Sao Paulo','Brasil',-23.43,-46.47),(11,'Aeropuerto Internacional de Ottawa','YOW','Ottawa','Canada',45.32,-75.67),(12,'Aeropuerto Internacional de Miami','MIA','Miami','Estados Unidos',25.79,-80.29);
/*!40000 ALTER TABLE `airports` ENABLE KEYS */;
UNLOCK TABLES;

--
-- Table structure for table `distances`
--

DROP TABLE IF EXISTS `distances`;
/*!40101 SET @saved_cs_client     = @@character_set_client */;
/*!40101 SET character_set_client = utf8 */;
CREATE TABLE `distances` (
  `id` bigint unsigned NOT NULL AUTO_INCREMENT,
  `airport_1` varchar(255) COLLATE utf8mb4_unicode_ci NOT NULL,
  `airport_2` varchar(255) COLLATE utf8mb4_unicode_ci NOT NULL,
  `kilometers` int NOT NULL,
  PRIMARY KEY (`id`)
) ENGINE=InnoDB AUTO_INCREMENT=133 DEFAULT CHARSET=utf8mb4 COLLATE=utf8mb4_unicode_ci;
/*!40101 SET character_set_client = @saved_cs_client */;

--
-- Dumping data for table `distances`
--

LOCK TABLES `distances` WRITE;
/*!40000 ALTER TABLE `distances` DISABLE KEYS */;
INSERT INTO `distances` VALUES (1,'EZE','MDQ',353),(2,'EZE','BRC',1308),(3,'EZE','SCL',1140),(4,'EZE','MEX',7400),(5,'EZE','BOG',4692),(6,'EZE','LIM',3156),(7,'EZE','VVI',1967),(8,'EZE','CCS',5132),(9,'EZE','GRU',1724),(10,'EZE','YOW',9080),(11,'EZE','MIA',7122),(12,'MDQ','EZE',353),(13,'MDQ','BRC',1218),(14,'MDQ','SCL',1295),(15,'MDQ','MEX',7712),(16,'MDQ','BOG',5040),(17,'MDQ','LIM',3473),(18,'MDQ','VVI',2320),(19,'MDQ','CCS',5484),(20,'MDQ','GRU',1927),(21,'MDQ','YOW',9432),(22,'MDQ','MIA',7471),(23,'BRC','EZE',1308),(24,'BRC','MDQ',1218),(25,'BRC','SCL',863),(26,'BRC','MEX',7326),(27,'BRC','BOG',5107),(28,'BRC','LIM',3291),(29,'BRC','VVI',2724),(30,'BRC','CCS',5770),(31,'BRC','GRU',3025),(32,'BRC','YOW',9625),(33,'BRC','MIA',7502),(34,'SCL','EZE',1140),(35,'SCL','MDQ',1295),(36,'SCL','BRC',863),(37,'SCL','MEX',6596),(38,'SCL','BOG',4250),(39,'SCL','LIM',2461),(40,'SCL','VVI',1911),(41,'SCL','CCS',4908),(42,'SCL','GRU',2615),(43,'SCL','YOW',8766),(44,'SCL','MIA',6656),(45,'MEX','EZE',7400),(46,'MEX','MDQ',7712),(47,'MEX','BRC',7326),(48,'MEX','SCL',6596),(49,'MEX','BOG',3159),(50,'MEX','LIM',4245),(51,'MEX','VVI',5692),(52,'MEX','CCS',3576),(53,'MEX','GRU',7433),(54,'MEX','YOW',3592),(55,'MEX','MIA',2050),(56,'BOG','EZE',4692),(57,'BOG','MDQ',5040),(58,'BOG','BRC',5107),(59,'BOG','SCL',4250),(60,'BOG','MEX',3159),(61,'BOG','LIM',1888),(62,'BOG','VVI',2763),(63,'BOG','CCS',1026),(64,'BOG','GRU',4336),(65,'BOG','YOW',4519),(66,'BOG','MIA',2434),(67,'LIM','EZE',3156),(68,'LIM','MDQ',3473),(69,'LIM','BRC',3291),(70,'LIM','SCL',2461),(71,'LIM','MEX',4245),(72,'LIM','BOG',1888),(73,'LIM','VVI',1627),(74,'LIM','CCS',2752),(75,'LIM','GRU',3474),(76,'LIM','YOW',6377),(77,'LIM','MIA',4218),(78,'VVI','EZE',1967),(79,'VVI','MDQ',2320),(80,'VVI','BRC',2724),(81,'VVI','SCL',1911),(82,'VVI','MEX',5692),(83,'VVI','BOG',2763),(84,'VVI','LIM',1627),(85,'VVI','CCS',3168),(86,'VVI','GRU',1849),(87,'VVI','YOW',7114),(88,'VVI','MIA',5173),(89,'CCS','EZE',5132),(90,'CCS','MDQ',5484),(91,'CCS','BRC',5770),(92,'CCS','SCL',4908),(93,'CCS','MEX',3576),(94,'CCS','BOG',1026),(95,'CCS','LIM',2752),(96,'CCS','VVI',3168),(97,'CCS','GRU',4393),(98,'CCS','YOW',3948),(99,'CCS','MIA',2193),(100,'GRU','EZE',1724),(101,'GRU','MDQ',1927),(102,'GRU','BRC',3025),(103,'GRU','SCL',2615),(104,'GRU','MEX',7433),(105,'GRU','BOG',4336),(106,'GRU','LIM',3474),(107,'GRU','VVI',1849),(108,'GRU','CCS',4393),(109,'GRU','YOW',8196),(110,'GRU','MIA',6573),(111,'YOW','EZE',9080),(112,'YOW','MDQ',9432),(113,'YOW','BRC',9625),(114,'YOW','SCL',8766),(115,'YOW','MEX',3592),(116,'YOW','BOG',4519),(117,'YOW','LIM',6377),(118,'YOW','VVI',7114),(119,'YOW','CCS',3948),(120,'YOW','GRU',8196),(121,'YOW','MIA',2210),(122,'MIA','EZE',7122),(123,'MIA','MDQ',7471),(124,'MIA','BRC',7502),(125,'MIA','SCL',6656),(126,'MIA','MEX',2050),(127,'MIA','BOG',2434),(128,'MIA','LIM',4218),(129,'MIA','VVI',5173),(130,'MIA','CCS',2193),(131,'MIA','GRU',6573),(132,'MIA','YOW',2210);
/*!40000 ALTER TABLE `distances` ENABLE KEYS */;
UNLOCK TABLES;

--
-- Table structure for table `flights`
--

DROP TABLE IF EXISTS `flights`;
/*!40101 SET @saved_cs_client     = @@character_set_client */;
/*!40101 SET character_set_client = utf8 */;
CREATE TABLE `flights` (
  `id` bigint unsigned NOT NULL AUTO_INCREMENT,
  `code` varchar(255) COLLATE utf8mb4_unicode_ci NOT NULL,
  `departure_airport_id` bigint unsigned NOT NULL,
  `departure_date` datetime NOT NULL,
  `arrival_airport_id` bigint unsigned NOT NULL,
  `arrival_date` datetime NOT NULL,
  `airplane_id` bigint unsigned NOT NULL,
  `duration` int unsigned NOT NULL,
  `base_price` decimal(10,2) NOT NULL,
  `status` enum('scheduled','finished','flying','cancelled') COLLATE utf8mb4_unicode_ci NOT NULL DEFAULT 'scheduled',
  PRIMARY KEY (`id`),
  KEY `flights_departure_airport_id_foreign` (`departure_airport_id`),
  KEY `flights_arrival_airport_id_foreign` (`arrival_airport_id`),
  CONSTRAINT `flights_arrival_airport_id_foreign` FOREIGN KEY (`arrival_airport_id`) REFERENCES `airports` (`id`),
  CONSTRAINT `flights_departure_airport_id_foreign` FOREIGN KEY (`departure_airport_id`) REFERENCES `airports` (`id`)
) ENGINE=InnoDB AUTO_INCREMENT=1081 DEFAULT CHARSET=utf8mb4 COLLATE=utf8mb4_unicode_ci;
/*!40101 SET character_set_client = @saved_cs_client */;

--
-- Dumping data for table `flights`
--

LOCK TABLES `flights` WRITE;
/*!40000 ALTER TABLE `flights` DISABLE KEYS */;
INSERT INTO `flights` VALUES (1,'TTR-1',10,'2020-12-09 09:00:00',1,'2020-12-09 11:00:00',2,2,169.02,'finished'),(2,'TTR-2',6,'2020-12-09 09:00:00',3,'2020-12-09 12:00:00',2,3,238.63,'finished'),(3,'TTR-3',1,'2020-12-09 02:00:00',8,'2020-12-09 04:00:00',1,2,192.84,'finished'),(4,'TTR-4',4,'2020-12-09 04:00:00',6,'2020-12-09 05:00:00',3,1,111.76,'finished'),(5,'PAS-5',3,'2020-12-09 07:00:00',8,'2020-12-09 08:00:00',6,2,119.41,'finished'),(6,'PAS-6',12,'2020-12-09 02:00:00',8,'2020-12-09 11:00:00',6,9,732.45,'finished'),(7,'PAS-7',2,'2020-12-09 21:00:00',3,'2020-12-09 21:00:00',7,0,34.61,'scheduled'),(8,'PAS-8',6,'2020-12-09 03:00:00',8,'2020-12-09 06:00:00',6,4,309.71,'finished'),(9,'LNA-9',2,'2020-12-09 02:00:00',11,'2020-12-09 03:00:00',10,2,126.96,'finished'),(10,'LNA-10',12,'2020-12-09 13:00:00',6,'2020-12-09 22:00:00',11,9,735.49,'flying'),(11,'LNA-11',6,'2020-12-09 19:00:00',11,'2020-12-09 22:00:00',9,3,270.88,'scheduled'),(12,'LNA-12',9,'2020-12-09 07:00:00',8,'2020-12-09 08:00:00',11,1,100.59,'finished'),(13,'TTR-13',5,'2020-12-10 12:00:00',8,'2020-12-10 15:00:00',4,4,309.71,'scheduled'),(14,'TTR-14',10,'2020-12-10 15:00:00',7,'2020-12-10 20:00:00',2,5,430.69,'scheduled'),(15,'TTR-15',2,'2020-12-10 03:00:00',10,'2020-12-10 14:00:00',2,12,924.71,'scheduled'),(16,'TTR-16',4,'2020-12-10 17:00:00',6,'2020-12-10 20:00:00',1,3,241.27,'scheduled'),(17,'PAS-17',7,'2020-12-10 20:00:00',12,'2020-12-10 23:00:00',6,4,309.41,'scheduled'),(18,'PAS-18',10,'2020-12-10 04:00:00',10,'2020-12-10 12:00:00',7,8,644.41,'scheduled'),(19,'PAS-19',1,'2020-12-10 22:00:00',4,'2020-12-11 09:00:00',7,11,890.20,'scheduled'),(20,'PAS-20',3,'2020-12-10 16:00:00',11,'2020-12-10 19:00:00',6,4,296.57,'scheduled'),(21,'LNA-21',12,'2020-12-10 15:00:00',10,'2020-12-10 23:00:00',9,9,698.24,'scheduled'),(22,'LNA-22',12,'2020-12-10 06:00:00',2,'2020-12-10 11:00:00',9,5,413.53,'scheduled'),(23,'LNA-23',4,'2020-12-10 11:00:00',4,'2020-12-10 13:00:00',10,2,187.35,'scheduled'),(24,'LNA-24',12,'2020-12-10 03:00:00',11,'2020-12-10 09:00:00',9,6,507.16,'scheduled'),(25,'TTR-25',12,'2020-12-11 22:00:00',4,'2020-12-12 06:00:00',2,8,644.41,'scheduled'),(26,'TTR-26',3,'2020-12-11 05:00:00',8,'2020-12-11 06:00:00',3,2,128.24,'scheduled'),(27,'TTR-27',12,'2020-12-11 09:00:00',6,'2020-12-11 11:00:00',3,3,215.00,'scheduled'),(28,'TTR-28',11,'2020-12-11 23:00:00',3,'2020-12-12 10:00:00',3,11,890.20,'scheduled'),(29,'PAS-29',10,'2020-12-11 14:00:00',8,'2020-12-11 16:00:00',7,2,169.02,'scheduled'),(30,'PAS-30',5,'2020-12-11 06:00:00',3,'2020-12-11 11:00:00',7,5,416.18,'scheduled'),(31,'PAS-31',6,'2020-12-11 21:00:00',12,'2020-12-12 02:00:00',6,5,416.67,'scheduled'),(32,'PAS-32',3,'2020-12-11 18:00:00',5,'2020-12-12 00:00:00',6,6,500.69,'scheduled'),(33,'LNA-33',5,'2020-12-11 02:00:00',11,'2020-12-11 11:00:00',9,10,756.08,'scheduled'),(34,'LNA-34',2,'2020-12-11 03:00:00',12,'2020-12-11 07:00:00',9,4,340.49,'scheduled'),(35,'LNA-35',5,'2020-12-11 22:00:00',2,'2020-12-12 05:00:00',9,7,558.04,'scheduled'),(36,'LNA-36',6,'2020-12-11 04:00:00',6,'2020-12-11 09:00:00',10,5,425.10,'scheduled'),(37,'TTR-37',12,'2020-12-12 07:00:00',9,'2020-12-12 09:00:00',4,3,215.00,'scheduled'),(38,'TTR-38',6,'2020-12-12 15:00:00',8,'2020-12-12 20:00:00',2,5,425.10,'scheduled'),(39,'TTR-39',2,'2020-12-12 10:00:00',5,'2020-12-12 10:00:00',2,0,34.61,'scheduled'),(40,'TTR-40',2,'2020-12-12 06:00:00',3,'2020-12-12 17:00:00',2,12,924.71,'scheduled'),(41,'PAS-41',12,'2020-12-12 04:00:00',6,'2020-12-12 12:00:00',7,9,698.24,'scheduled'),(42,'PAS-42',1,'2020-12-12 15:00:00',11,'2020-12-13 02:00:00',7,11,890.20,'scheduled'),(43,'PAS-43',12,'2020-12-12 03:00:00',3,'2020-12-12 05:00:00',7,3,200.98,'scheduled'),(44,'PAS-44',8,'2020-12-12 06:00:00',10,'2020-12-12 08:00:00',7,2,192.84,'scheduled'),(45,'LNA-45',12,'2020-12-12 06:00:00',11,'2020-12-12 08:00:00',9,3,215.00,'scheduled'),(46,'LNA-46',7,'2020-12-12 08:00:00',11,'2020-12-12 11:00:00',8,3,269.80,'scheduled'),(47,'LNA-47',12,'2020-12-12 11:00:00',10,'2020-12-12 20:00:00',8,9,735.49,'scheduled'),(48,'LNA-48',10,'2020-12-12 15:00:00',2,'2020-12-12 23:00:00',11,8,644.41,'scheduled'),(49,'TTR-49',11,'2020-12-13 09:00:00',7,'2020-12-13 13:00:00',1,4,352.16,'scheduled'),(50,'TTR-50',8,'2020-12-13 07:00:00',10,'2020-12-13 09:00:00',1,2,181.27,'scheduled'),(51,'TTR-51',6,'2020-12-13 16:00:00',9,'2020-12-13 19:00:00',2,4,309.71,'scheduled'),(52,'TTR-52',11,'2020-12-13 18:00:00',4,'2020-12-14 04:00:00',1,11,859.41,'scheduled'),(53,'PAS-53',9,'2020-12-13 19:00:00',5,'2020-12-13 21:00:00',6,3,215.00,'scheduled'),(54,'PAS-54',4,'2020-12-13 19:00:00',5,'2020-12-14 03:00:00',6,8,646.67,'scheduled'),(55,'PAS-55',12,'2020-12-13 22:00:00',12,'2020-12-14 07:00:00',6,9,732.45,'scheduled'),(56,'PAS-56',8,'2020-12-13 04:00:00',11,'2020-12-13 06:00:00',7,2,192.84,'scheduled'),(57,'LNA-57',3,'2020-12-13 05:00:00',9,'2020-12-13 09:00:00',8,4,322.65,'scheduled'),(58,'LNA-58',10,'2020-12-13 15:00:00',8,'2020-12-13 19:00:00',11,4,340.59,'scheduled'),(59,'LNA-59',5,'2020-12-13 18:00:00',3,'2020-12-14 03:00:00',9,9,728.73,'scheduled'),(60,'LNA-60',6,'2020-12-13 02:00:00',5,'2020-12-13 05:00:00',10,4,309.71,'scheduled'),(61,'TTR-61',4,'2020-12-14 10:00:00',8,'2020-12-14 12:00:00',4,2,187.35,'scheduled'),(62,'TTR-62',3,'2020-12-14 01:00:00',5,'2020-12-14 02:00:00',5,2,119.41,'scheduled'),(63,'TTR-63',10,'2020-12-14 03:00:00',4,'2020-12-14 12:00:00',5,9,728.73,'scheduled'),(64,'TTR-64',2,'2020-12-14 17:00:00',6,'2020-12-14 18:00:00',2,2,119.41,'scheduled'),(65,'PAS-65',7,'2020-12-14 11:00:00',10,'2020-12-14 16:00:00',6,5,416.18,'scheduled'),(66,'PAS-66',2,'2020-12-14 02:00:00',1,'2020-12-14 06:00:00',6,4,340.49,'scheduled'),(67,'PAS-67',11,'2020-12-14 12:00:00',2,'2020-12-15 00:00:00',7,12,943.63,'scheduled'),(68,'PAS-68',12,'2020-12-14 20:00:00',8,'2020-12-15 04:00:00',6,8,652.55,'scheduled'),(69,'LNA-69',4,'2020-12-14 02:00:00',5,'2020-12-14 05:00:00',11,3,256.37,'scheduled'),(70,'LNA-70',7,'2020-12-14 01:00:00',3,'2020-12-14 05:00:00',8,4,322.65,'scheduled'),(71,'LNA-71',6,'2020-12-14 12:00:00',3,'2020-12-14 18:00:00',9,6,494.12,'scheduled'),(72,'LNA-72',4,'2020-12-14 15:00:00',6,'2020-12-14 16:00:00',10,2,126.96,'scheduled'),(73,'TTR-73',3,'2020-12-15 13:00:00',2,'2020-12-15 19:00:00',2,6,500.69,'scheduled'),(74,'TTR-74',3,'2020-12-15 23:00:00',12,'2020-12-16 06:00:00',1,7,565.69,'scheduled'),(75,'TTR-75',7,'2020-12-15 21:00:00',8,'2020-12-16 01:00:00',1,4,340.59,'scheduled'),(76,'TTR-76',4,'2020-12-15 22:00:00',7,'2020-12-16 03:00:00',4,5,416.67,'scheduled'),(77,'PAS-77',1,'2020-12-15 07:00:00',2,'2020-12-15 08:00:00',6,2,128.24,'scheduled'),(78,'PAS-78',12,'2020-12-15 11:00:00',8,'2020-12-15 13:00:00',6,3,216.67,'scheduled'),(79,'PAS-79',5,'2020-12-15 13:00:00',7,'2020-12-15 17:00:00',7,4,352.16,'scheduled'),(80,'PAS-80',12,'2020-12-15 04:00:00',12,'2020-12-15 09:00:00',6,5,413.53,'scheduled'),(81,'LNA-81',5,'2020-12-15 08:00:00',7,'2020-12-15 13:00:00',10,5,416.18,'scheduled'),(82,'LNA-82',2,'2020-12-15 22:00:00',1,'2020-12-16 02:00:00',9,4,340.49,'scheduled'),(83,'LNA-83',7,'2020-12-15 09:00:00',3,'2020-12-15 13:00:00',10,4,340.59,'scheduled'),(84,'LNA-84',5,'2020-12-15 17:00:00',2,'2020-12-16 02:00:00',8,10,756.08,'scheduled'),(85,'TTR-85',7,'2020-12-16 20:00:00',12,'2020-12-17 01:00:00',2,5,413.53,'scheduled'),(86,'TTR-86',8,'2020-12-16 12:00:00',1,'2020-12-16 20:00:00',1,9,697.45,'scheduled'),(87,'TTR-87',8,'2020-12-16 04:00:00',8,'2020-12-16 07:00:00',2,4,310.59,'scheduled'),(88,'TTR-88',10,'2020-12-16 15:00:00',6,'2020-12-16 17:00:00',2,2,169.02,'scheduled'),(89,'PAS-89',5,'2020-12-16 01:00:00',2,'2020-12-16 05:00:00',6,4,352.16,'scheduled'),(90,'PAS-90',12,'2020-12-16 02:00:00',8,'2020-12-16 04:00:00',7,3,216.67,'scheduled'),(91,'PAS-91',6,'2020-12-16 02:00:00',6,'2020-12-16 03:00:00',6,1,100.59,'scheduled'),(92,'PAS-92',12,'2020-12-16 23:00:00',3,'2020-12-17 08:00:00',7,9,732.45,'scheduled'),(93,'LNA-93',10,'2020-12-16 16:00:00',11,'2020-12-16 20:00:00',8,4,340.59,'scheduled'),(94,'LNA-94',8,'2020-12-16 06:00:00',6,'2020-12-16 08:00:00',8,2,159.51,'scheduled'),(95,'LNA-95',10,'2020-12-16 21:00:00',5,'2020-12-17 05:00:00',8,8,644.41,'scheduled'),(96,'LNA-96',2,'2020-12-16 11:00:00',6,'2020-12-16 17:00:00',10,7,537.65,'scheduled'),(97,'TTR-97',3,'2020-12-17 07:00:00',8,'2020-12-17 08:00:00',5,2,128.24,'scheduled'),(98,'TTR-98',9,'2020-12-17 05:00:00',11,'2020-12-17 06:00:00',5,1,100.59,'scheduled'),(99,'TTR-99',3,'2020-12-17 08:00:00',1,'2020-12-17 11:00:00',5,4,296.57,'scheduled'),(100,'TTR-100',9,'2020-12-17 02:00:00',10,'2020-12-17 08:00:00',4,6,481.18,'scheduled'),(101,'PAS-101',4,'2020-12-17 07:00:00',12,'2020-12-17 08:00:00',7,1,84.61,'scheduled'),(102,'PAS-102',5,'2020-12-17 09:00:00',12,'2020-12-17 13:00:00',7,4,350.59,'scheduled'),(103,'PAS-103',1,'2020-12-17 08:00:00',12,'2020-12-17 09:00:00',7,2,128.24,'scheduled'),(104,'PAS-104',9,'2020-12-17 15:00:00',1,'2020-12-17 18:00:00',7,3,269.80,'scheduled'),(105,'LNA-105',9,'2020-12-17 12:00:00',9,'2020-12-17 15:00:00',11,3,269.80,'scheduled'),(106,'LNA-106',5,'2020-12-17 15:00:00',7,'2020-12-17 18:00:00',11,4,309.71,'scheduled'),(107,'LNA-107',1,'2020-12-17 11:00:00',12,'2020-12-17 13:00:00',9,2,169.02,'scheduled'),(108,'LNA-108',7,'2020-12-17 19:00:00',10,'2020-12-17 22:00:00',9,3,241.27,'scheduled'),(109,'TTR-109',10,'2020-12-18 03:00:00',3,'2020-12-18 05:00:00',3,2,169.02,'scheduled'),(110,'TTR-110',12,'2020-12-18 08:00:00',8,'2020-12-18 10:00:00',2,3,200.98,'scheduled'),(111,'TTR-111',2,'2020-12-18 20:00:00',12,'2020-12-18 22:00:00',5,2,188.92,'scheduled'),(112,'TTR-112',2,'2020-12-18 19:00:00',11,'2020-12-19 06:00:00',3,12,924.71,'scheduled'),(113,'PAS-113',5,'2020-12-18 15:00:00',5,'2020-12-18 18:00:00',7,4,309.71,'scheduled'),(114,'PAS-114',5,'2020-12-18 18:00:00',8,'2020-12-18 21:00:00',6,4,309.71,'scheduled'),(115,'PAS-115',9,'2020-12-18 22:00:00',12,'2020-12-19 01:00:00',7,4,310.59,'scheduled'),(116,'PAS-116',10,'2020-12-18 16:00:00',1,'2020-12-19 02:00:00',6,10,803.53,'scheduled'),(117,'LNA-117',10,'2020-12-18 00:00:00',12,'2020-12-18 08:00:00',8,8,644.41,'scheduled'),(118,'LNA-118',6,'2020-12-18 15:00:00',10,'2020-12-18 20:00:00',9,6,443.04,'scheduled'),(119,'LNA-119',2,'2020-12-18 09:00:00',10,'2020-12-18 18:00:00',10,9,732.45,'scheduled'),(120,'LNA-120',11,'2020-12-18 01:00:00',8,'2020-12-18 08:00:00',9,8,625.20,'scheduled'),(121,'TTR-121',8,'2020-12-19 06:00:00',4,'2020-12-19 12:00:00',5,6,507.16,'scheduled'),(122,'TTR-122',6,'2020-12-19 03:00:00',11,'2020-12-19 08:00:00',1,5,425.10,'scheduled'),(123,'TTR-123',2,'2020-12-19 10:00:00',7,'2020-12-19 19:00:00',5,10,756.08,'scheduled'),(124,'TTR-124',10,'2020-12-19 15:00:00',1,'2020-12-19 19:00:00',2,4,340.59,'scheduled'),(125,'PAS-125',7,'2020-12-19 23:00:00',11,'2020-12-20 03:00:00',7,4,322.65,'scheduled'),(126,'PAS-126',2,'2020-12-19 05:00:00',5,'2020-12-19 07:00:00',6,3,227.45,'scheduled'),(127,'PAS-127',10,'2020-12-19 22:00:00',12,'2020-12-20 07:00:00',6,9,728.73,'scheduled'),(128,'PAS-128',11,'2020-12-19 20:00:00',11,'2020-12-20 00:00:00',6,5,387.06,'scheduled'),(129,'LNA-129',6,'2020-12-19 17:00:00',2,'2020-12-19 19:00:00',8,2,185.10,'scheduled'),(130,'LNA-130',8,'2020-12-19 09:00:00',8,'2020-12-19 11:00:00',11,2,192.84,'scheduled'),(131,'LNA-131',1,'2020-12-19 16:00:00',2,'2020-12-19 18:00:00',9,2,192.84,'scheduled'),(132,'LNA-132',1,'2020-12-19 03:00:00',3,'2020-12-19 03:00:00',11,0,34.61,'scheduled'),(133,'TTR-133',12,'2020-12-20 07:00:00',5,'2020-12-20 10:00:00',4,3,238.63,'scheduled'),(134,'TTR-134',1,'2020-12-20 22:00:00',9,'2020-12-20 23:00:00',2,2,128.24,'scheduled'),(135,'TTR-135',5,'2020-12-20 23:00:00',1,'2020-12-21 08:00:00',3,9,718.24,'scheduled'),(136,'TTR-136',1,'2020-12-20 12:00:00',12,'2020-12-20 17:00:00',2,6,460.00,'scheduled'),(137,'PAS-137',11,'2020-12-20 18:00:00',1,'2020-12-21 01:00:00',6,8,625.20,'scheduled'),(138,'PAS-138',9,'2020-12-20 01:00:00',5,'2020-12-20 05:00:00',7,4,350.59,'scheduled'),(139,'PAS-139',6,'2020-12-20 05:00:00',1,'2020-12-20 08:00:00',6,3,238.63,'scheduled'),(140,'PAS-140',7,'2020-12-20 07:00:00',6,'2020-12-20 14:00:00',6,8,625.20,'scheduled'),(141,'LNA-141',12,'2020-12-20 00:00:00',9,'2020-12-20 02:00:00',11,3,216.67,'scheduled'),(142,'LNA-142',9,'2020-12-20 11:00:00',12,'2020-12-20 14:00:00',8,3,269.80,'scheduled'),(143,'LNA-143',7,'2020-12-20 15:00:00',5,'2020-12-20 18:00:00',8,3,241.27,'scheduled'),(144,'LNA-144',5,'2020-12-20 04:00:00',2,'2020-12-20 13:00:00',11,9,718.24,'scheduled'),(145,'TTR-145',6,'2020-12-21 10:00:00',3,'2020-12-21 13:00:00',5,3,238.63,'scheduled'),(146,'TTR-146',2,'2020-12-21 08:00:00',5,'2020-12-21 14:00:00',4,6,494.12,'scheduled'),(147,'TTR-147',7,'2020-12-21 16:00:00',11,'2020-12-21 21:00:00',4,5,413.53,'scheduled'),(148,'TTR-148',12,'2020-12-21 10:00:00',5,'2020-12-21 16:00:00',1,6,507.16,'scheduled'),(149,'PAS-149',8,'2020-12-21 12:00:00',9,'2020-12-21 14:00:00',6,2,181.27,'scheduled'),(150,'PAS-150',2,'2020-12-21 18:00:00',4,'2020-12-21 19:00:00',7,2,126.96,'scheduled'),(151,'PAS-151',11,'2020-12-21 07:00:00',9,'2020-12-21 12:00:00',7,6,443.04,'scheduled'),(152,'PAS-152',6,'2020-12-21 00:00:00',9,'2020-12-21 05:00:00',6,5,425.10,'scheduled'),(153,'LNA-153',2,'2020-12-21 07:00:00',7,'2020-12-21 13:00:00',11,6,494.12,'scheduled'),(154,'LNA-154',4,'2020-12-21 03:00:00',4,'2020-12-21 06:00:00',9,3,241.27,'scheduled'),(155,'LNA-155',5,'2020-12-21 06:00:00',4,'2020-12-21 10:00:00',8,4,350.59,'scheduled'),(156,'LNA-156',12,'2020-12-21 22:00:00',9,'2020-12-22 06:00:00',10,9,698.24,'scheduled'),(157,'TTR-157',7,'2020-12-22 04:00:00',5,'2020-12-22 08:00:00',4,4,322.65,'scheduled'),(158,'TTR-158',11,'2020-12-22 13:00:00',4,'2020-12-22 23:00:00',3,11,859.41,'scheduled'),(159,'TTR-159',12,'2020-12-22 07:00:00',11,'2020-12-22 09:00:00',4,3,215.00,'scheduled'),(160,'TTR-160',9,'2020-12-22 09:00:00',6,'2020-12-22 15:00:00',1,6,481.18,'scheduled'),(161,'PAS-161',10,'2020-12-22 23:00:00',7,'2020-12-23 02:00:00',7,4,296.57,'scheduled'),(162,'PAS-162',3,'2020-12-22 21:00:00',1,'2020-12-23 04:00:00',6,7,565.69,'scheduled'),(163,'PAS-163',3,'2020-12-22 11:00:00',10,'2020-12-22 12:00:00',6,2,128.24,'scheduled'),(164,'PAS-164',6,'2020-12-22 11:00:00',5,'2020-12-22 17:00:00',6,6,500.69,'scheduled'),(165,'LNA-165',5,'2020-12-22 13:00:00',8,'2020-12-22 22:00:00',10,9,718.24,'scheduled'),(166,'LNA-166',2,'2020-12-22 00:00:00',1,'2020-12-22 04:00:00',10,4,340.49,'scheduled'),(167,'LNA-167',12,'2020-12-22 01:00:00',5,'2020-12-22 09:00:00',9,9,698.24,'scheduled'),(168,'LNA-168',5,'2020-12-22 10:00:00',6,'2020-12-22 14:00:00',10,4,350.59,'scheduled'),(169,'TTR-169',3,'2020-12-23 05:00:00',12,'2020-12-23 12:00:00',3,7,565.69,'scheduled'),(170,'TTR-170',8,'2020-12-23 05:00:00',10,'2020-12-23 08:00:00',2,3,267.06,'scheduled'),(171,'TTR-171',11,'2020-12-23 15:00:00',2,'2020-12-24 01:00:00',3,11,859.41,'scheduled'),(172,'TTR-172',10,'2020-12-23 23:00:00',2,'2020-12-24 07:00:00',1,8,644.41,'scheduled'),(173,'PAS-173',8,'2020-12-23 19:00:00',3,'2020-12-23 21:00:00',7,2,192.84,'scheduled'),(174,'PAS-174',5,'2020-12-23 14:00:00',1,'2020-12-23 18:00:00',6,4,350.59,'scheduled'),(175,'PAS-175',8,'2020-12-23 12:00:00',9,'2020-12-23 14:00:00',7,2,159.51,'scheduled'),(176,'PAS-176',2,'2020-12-23 19:00:00',2,'2020-12-23 23:00:00',7,4,340.49,'scheduled'),(177,'LNA-177',2,'2020-12-23 05:00:00',11,'2020-12-23 11:00:00',9,6,494.12,'scheduled'),(178,'LNA-178',10,'2020-12-23 21:00:00',9,'2020-12-24 00:00:00',10,4,296.57,'scheduled'),(179,'LNA-179',6,'2020-12-23 19:00:00',7,'2020-12-23 22:00:00',11,3,270.88,'scheduled'),(180,'LNA-180',3,'2020-12-23 04:00:00',11,'2020-12-23 08:00:00',11,4,322.65,'scheduled'),(181,'TTR-181',6,'2020-12-24 06:00:00',2,'2020-12-24 12:00:00',3,6,494.12,'scheduled'),(182,'TTR-182',8,'2020-12-24 00:00:00',7,'2020-12-24 03:00:00',1,3,270.88,'scheduled'),(183,'TTR-183',8,'2020-12-24 01:00:00',2,'2020-12-24 03:00:00',3,2,181.27,'scheduled'),(184,'TTR-184',6,'2020-12-24 03:00:00',9,'2020-12-24 09:00:00',3,6,494.12,'scheduled'),(185,'PAS-185',5,'2020-12-24 05:00:00',3,'2020-12-24 07:00:00',7,3,200.98,'scheduled'),(186,'PAS-186',6,'2020-12-24 23:00:00',1,'2020-12-25 00:00:00',7,1,100.59,'scheduled'),(187,'PAS-187',2,'2020-12-24 18:00:00',4,'2020-12-25 00:00:00',7,7,537.65,'scheduled'),(188,'PAS-188',1,'2020-12-24 02:00:00',10,'2020-12-24 10:00:00',6,9,698.24,'scheduled'),(189,'LNA-189',12,'2020-12-24 23:00:00',10,'2020-12-25 08:00:00',10,9,735.49,'scheduled'),(190,'LNA-190',3,'2020-12-24 15:00:00',7,'2020-12-24 21:00:00',9,6,500.69,'scheduled'),(191,'LNA-191',1,'2020-12-24 20:00:00',10,'2020-12-24 21:00:00',10,1,111.76,'scheduled'),(192,'LNA-192',2,'2020-12-24 16:00:00',12,'2020-12-24 17:00:00',9,2,119.41,'scheduled'),(193,'TTR-193',3,'2020-12-25 03:00:00',4,'2020-12-25 12:00:00',1,9,718.24,'scheduled'),(194,'TTR-194',10,'2020-12-25 08:00:00',9,'2020-12-25 16:00:00',1,8,644.41,'scheduled'),(195,'TTR-195',9,'2020-12-25 07:00:00',8,'2020-12-25 08:00:00',3,1,100.59,'scheduled'),(196,'TTR-196',1,'2020-12-25 03:00:00',3,'2020-12-25 14:00:00',3,11,890.20,'scheduled'),(197,'PAS-197',12,'2020-12-25 00:00:00',3,'2020-12-25 08:00:00',6,8,652.55,'scheduled'),(198,'PAS-198',11,'2020-12-25 13:00:00',7,'2020-12-25 23:00:00',6,11,859.41,'scheduled'),(199,'PAS-199',7,'2020-12-25 15:00:00',6,'2020-12-25 18:00:00',7,3,241.27,'scheduled'),(200,'PAS-200',5,'2020-12-25 14:00:00',6,'2020-12-25 23:00:00',6,10,756.08,'scheduled'),(201,'LNA-201',12,'2020-12-25 17:00:00',9,'2020-12-26 01:00:00',10,8,644.41,'scheduled'),(202,'LNA-202',7,'2020-12-25 02:00:00',1,'2020-12-25 05:00:00',8,3,241.27,'scheduled'),(203,'LNA-203',2,'2020-12-25 02:00:00',6,'2020-12-25 03:00:00',10,2,126.96,'scheduled'),(204,'LNA-204',12,'2020-12-25 09:00:00',2,'2020-12-25 11:00:00',11,3,215.00,'scheduled'),(205,'TTR-205',8,'2020-12-26 03:00:00',6,'2020-12-26 10:00:00',2,7,558.04,'scheduled'),(206,'TTR-206',7,'2020-12-26 08:00:00',10,'2020-12-26 15:00:00',1,8,625.20,'scheduled'),(207,'TTR-207',11,'2020-12-26 01:00:00',1,'2020-12-26 06:00:00',4,6,443.04,'scheduled'),(208,'TTR-208',3,'2020-12-26 03:00:00',12,'2020-12-26 07:00:00',4,4,322.65,'scheduled'),(209,'PAS-209',8,'2020-12-26 23:00:00',11,'2020-12-27 01:00:00',7,2,159.51,'scheduled'),(210,'PAS-210',2,'2020-12-26 20:00:00',3,'2020-12-27 05:00:00',7,10,756.08,'scheduled'),(211,'PAS-211',6,'2020-12-26 00:00:00',12,'2020-12-26 05:00:00',7,6,460.00,'scheduled'),(212,'PAS-212',6,'2020-12-26 18:00:00',12,'2020-12-26 23:00:00',6,5,425.10,'scheduled'),(213,'LNA-213',6,'2020-12-26 03:00:00',8,'2020-12-26 06:00:00',10,4,309.71,'scheduled'),(214,'LNA-214',1,'2020-12-26 23:00:00',5,'2020-12-27 02:00:00',8,4,309.41,'scheduled'),(215,'LNA-215',3,'2020-12-26 22:00:00',7,'2020-12-27 10:00:00',10,12,943.63,'scheduled'),(216,'LNA-216',1,'2020-12-26 11:00:00',12,'2020-12-26 11:00:00',11,0,34.61,'scheduled'),(217,'TTR-217',4,'2020-12-27 05:00:00',12,'2020-12-27 08:00:00',2,3,256.37,'scheduled'),(218,'TTR-218',3,'2020-12-27 04:00:00',8,'2020-12-27 08:00:00',1,4,322.65,'scheduled'),(219,'TTR-219',12,'2020-12-27 03:00:00',11,'2020-12-27 11:00:00',1,8,652.55,'scheduled'),(220,'TTR-220',5,'2020-12-27 10:00:00',7,'2020-12-27 18:00:00',4,8,646.67,'scheduled'),(221,'PAS-221',7,'2020-12-27 07:00:00',12,'2020-12-27 09:00:00',7,2,159.51,'scheduled'),(222,'PAS-222',8,'2020-12-27 14:00:00',2,'2020-12-27 16:00:00',6,2,192.84,'scheduled'),(223,'PAS-223',3,'2020-12-27 23:00:00',11,'2020-12-28 03:00:00',7,4,322.65,'scheduled'),(224,'PAS-224',1,'2020-12-27 20:00:00',11,'2020-12-27 21:00:00',7,2,128.24,'scheduled'),(225,'LNA-225',12,'2020-12-27 06:00:00',9,'2020-12-27 08:00:00',10,3,216.67,'scheduled'),(226,'LNA-226',2,'2020-12-27 02:00:00',8,'2020-12-27 03:00:00',9,2,119.41,'scheduled'),(227,'LNA-227',2,'2020-12-27 23:00:00',1,'2020-12-27 23:00:00',11,0,34.61,'scheduled'),(228,'LNA-228',4,'2020-12-27 14:00:00',11,'2020-12-27 17:00:00',8,3,241.27,'scheduled'),(229,'TTR-229',6,'2020-12-28 09:00:00',5,'2020-12-28 10:00:00',5,1,100.59,'scheduled'),(230,'TTR-230',10,'2020-12-28 17:00:00',1,'2020-12-29 01:00:00',4,8,644.41,'scheduled'),(231,'TTR-231',2,'2020-12-28 05:00:00',3,'2020-12-28 14:00:00',2,10,756.08,'scheduled'),(232,'TTR-232',3,'2020-12-28 13:00:00',9,'2020-12-28 14:00:00',2,2,119.41,'scheduled'),(233,'PAS-233',1,'2020-12-28 10:00:00',9,'2020-12-28 18:00:00',7,9,698.24,'scheduled'),(234,'PAS-234',9,'2020-12-28 05:00:00',4,'2020-12-28 12:00:00',6,7,565.69,'scheduled'),(235,'PAS-235',12,'2020-12-28 14:00:00',2,'2020-12-28 20:00:00',6,6,507.16,'scheduled'),(236,'PAS-236',12,'2020-12-28 12:00:00',3,'2020-12-28 18:00:00',6,6,507.16,'scheduled'),(237,'LNA-237',6,'2020-12-28 19:00:00',11,'2020-12-28 21:00:00',11,2,185.10,'scheduled'),(238,'LNA-238',1,'2020-12-28 21:00:00',4,'2020-12-29 06:00:00',11,9,725.49,'scheduled'),(239,'LNA-239',7,'2020-12-28 20:00:00',2,'2020-12-29 00:00:00',9,4,340.59,'scheduled'),(240,'LNA-240',5,'2020-12-28 12:00:00',11,'2020-12-28 21:00:00',11,10,756.08,'scheduled'),(241,'TTR-241',9,'2020-12-29 22:00:00',7,'2020-12-30 04:00:00',4,6,481.18,'scheduled'),(242,'TTR-242',12,'2020-12-29 05:00:00',5,'2020-12-29 10:00:00',2,5,413.53,'scheduled'),(243,'TTR-243',6,'2020-12-29 07:00:00',12,'2020-12-29 10:00:00',2,4,309.71,'scheduled'),(244,'TTR-244',1,'2020-12-29 10:00:00',2,'2020-12-29 11:00:00',5,2,128.24,'scheduled'),(245,'PAS-245',7,'2020-12-29 09:00:00',5,'2020-12-29 11:00:00',7,2,185.10,'scheduled'),(246,'PAS-246',1,'2020-12-29 08:00:00',8,'2020-12-29 14:00:00',7,6,503.14,'scheduled'),(247,'PAS-247',7,'2020-12-29 05:00:00',5,'2020-12-29 12:00:00',7,8,625.20,'scheduled'),(248,'PAS-248',10,'2020-12-29 18:00:00',12,'2020-12-30 03:00:00',7,9,728.73,'scheduled'),(249,'LNA-249',7,'2020-12-29 22:00:00',12,'2020-12-30 01:00:00',10,4,309.41,'scheduled'),(250,'LNA-250',9,'2020-12-29 09:00:00',5,'2020-12-29 15:00:00',11,7,537.65,'scheduled'),(251,'LNA-251',3,'2020-12-29 12:00:00',7,'2020-12-29 15:00:00',10,4,296.57,'scheduled'),(252,'LNA-252',1,'2020-12-29 21:00:00',7,'2020-12-29 22:00:00',9,1,111.76,'scheduled'),(253,'TTR-253',11,'2020-12-30 22:00:00',12,'2020-12-31 02:00:00',3,4,352.16,'scheduled'),(254,'TTR-254',11,'2020-12-30 17:00:00',6,'2020-12-31 04:00:00',1,12,924.71,'scheduled'),(255,'TTR-255',11,'2020-12-30 02:00:00',11,'2020-12-30 04:00:00',1,3,216.67,'scheduled'),(256,'TTR-256',8,'2020-12-30 13:00:00',12,'2020-12-30 15:00:00',1,2,187.35,'scheduled'),(257,'PAS-257',12,'2020-12-30 04:00:00',8,'2020-12-30 13:00:00',7,9,735.49,'scheduled'),(258,'PAS-258',2,'2020-12-30 00:00:00',1,'2020-12-30 09:00:00',7,9,732.45,'scheduled'),(259,'PAS-259',6,'2020-12-30 13:00:00',2,'2020-12-30 14:00:00',7,1,100.59,'scheduled'),(260,'PAS-260',9,'2020-12-30 10:00:00',3,'2020-12-30 16:00:00',6,6,481.18,'scheduled'),(261,'LNA-261',4,'2020-12-30 15:00:00',8,'2020-12-31 01:00:00',10,11,859.41,'scheduled'),(262,'LNA-262',8,'2020-12-30 20:00:00',8,'2020-12-30 22:00:00',10,2,159.51,'scheduled'),(263,'LNA-263',8,'2020-12-30 12:00:00',8,'2020-12-30 14:00:00',8,2,181.27,'scheduled'),(264,'LNA-264',6,'2020-12-30 19:00:00',3,'2020-12-31 00:00:00',10,5,425.10,'scheduled'),(265,'TTR-265',4,'2020-12-31 18:00:00',1,'2021-01-01 00:00:00',4,6,481.18,'scheduled'),(266,'TTR-266',9,'2020-12-31 02:00:00',12,'2020-12-31 05:00:00',4,4,310.59,'scheduled'),(267,'TTR-267',6,'2020-12-31 23:00:00',8,'2021-01-01 04:00:00',4,6,460.00,'scheduled'),(268,'TTR-268',1,'2020-12-31 08:00:00',12,'2020-12-31 10:00:00',1,2,169.02,'scheduled'),(269,'PAS-269',8,'2020-12-31 21:00:00',5,'2020-12-31 23:00:00',7,2,192.84,'scheduled'),(270,'PAS-270',2,'2020-12-31 01:00:00',2,'2020-12-31 12:00:00',7,12,924.71,'scheduled'),(271,'PAS-271',2,'2020-12-31 18:00:00',2,'2021-01-01 03:00:00',6,10,756.08,'scheduled'),(272,'PAS-272',11,'2020-12-31 04:00:00',6,'2020-12-31 08:00:00',6,4,352.16,'scheduled'),(273,'LNA-273',12,'2020-12-31 17:00:00',1,'2021-01-01 01:00:00',10,8,652.55,'scheduled'),(274,'LNA-274',7,'2020-12-31 07:00:00',7,'2020-12-31 09:00:00',9,2,159.51,'scheduled'),(275,'LNA-275',1,'2020-12-31 02:00:00',9,'2020-12-31 08:00:00',9,6,503.14,'scheduled'),(276,'LNA-276',1,'2020-12-31 22:00:00',12,'2021-01-01 03:00:00',10,6,460.00,'scheduled'),(277,'TTR-277',9,'2021-01-01 00:00:00',3,'2021-01-01 02:00:00',3,3,215.00,'scheduled'),(278,'TTR-278',12,'2021-01-01 00:00:00',4,'2021-01-01 03:00:00',2,3,238.63,'scheduled'),(279,'TTR-279',2,'2021-01-01 07:00:00',3,'2021-01-01 13:00:00',5,6,494.12,'scheduled'),(280,'TTR-280',8,'2021-01-01 02:00:00',8,'2021-01-01 05:00:00',3,3,267.06,'scheduled'),(281,'PAS-281',1,'2021-01-01 09:00:00',7,'2021-01-01 11:00:00',6,2,192.84,'scheduled'),(282,'PAS-282',12,'2021-01-01 11:00:00',11,'2021-01-01 13:00:00',7,3,215.00,'scheduled'),(283,'PAS-283',8,'2021-01-01 11:00:00',11,'2021-01-01 18:00:00',6,7,558.04,'scheduled'),(284,'PAS-284',1,'2021-01-01 08:00:00',9,'2021-01-01 13:00:00',6,6,460.00,'scheduled'),(285,'LNA-285',11,'2021-01-01 06:00:00',11,'2021-01-01 11:00:00',9,6,443.04,'scheduled'),(286,'LNA-286',1,'2021-01-01 16:00:00',7,'2021-01-01 21:00:00',9,6,460.00,'scheduled'),(287,'LNA-287',2,'2021-01-01 07:00:00',10,'2021-01-01 13:00:00',11,6,494.12,'scheduled'),(288,'LNA-288',7,'2021-01-01 08:00:00',12,'2021-01-01 13:00:00',10,5,416.18,'scheduled'),(289,'TTR-289',7,'2021-01-02 17:00:00',9,'2021-01-02 19:00:00',2,2,185.10,'scheduled'),(290,'TTR-290',10,'2021-01-02 05:00:00',9,'2021-01-02 15:00:00',3,10,803.53,'scheduled'),(291,'TTR-291',8,'2021-01-02 00:00:00',5,'2021-01-02 03:00:00',4,3,267.06,'scheduled'),(292,'TTR-292',10,'2021-01-02 21:00:00',3,'2021-01-03 02:00:00',4,5,425.10,'scheduled'),(293,'PAS-293',5,'2021-01-02 01:00:00',10,'2021-01-02 05:00:00',6,4,352.16,'scheduled'),(294,'PAS-294',9,'2021-01-02 22:00:00',12,'2021-01-03 02:00:00',7,5,387.06,'scheduled'),(295,'PAS-295',9,'2021-01-02 11:00:00',10,'2021-01-02 12:00:00',6,1,100.59,'scheduled'),(296,'PAS-296',3,'2021-01-02 02:00:00',5,'2021-01-02 03:00:00',6,1,84.61,'scheduled'),(297,'LNA-297',1,'2021-01-02 01:00:00',5,'2021-01-02 04:00:00',11,4,309.41,'scheduled'),(298,'LNA-298',3,'2021-01-02 20:00:00',8,'2021-01-03 03:00:00',8,7,565.69,'scheduled'),(299,'LNA-299',10,'2021-01-02 06:00:00',12,'2021-01-02 10:00:00',8,4,340.59,'scheduled'),(300,'LNA-300',9,'2021-01-02 04:00:00',9,'2021-01-02 07:00:00',8,3,269.80,'scheduled'),(301,'TTR-301',12,'2021-01-03 14:00:00',12,'2021-01-03 23:00:00',5,9,735.49,'scheduled'),(302,'TTR-302',6,'2021-01-03 10:00:00',11,'2021-01-03 15:00:00',3,6,460.00,'scheduled'),(303,'TTR-303',11,'2021-01-03 06:00:00',7,'2021-01-03 17:00:00',4,12,924.71,'scheduled'),(304,'TTR-304',9,'2021-01-03 01:00:00',12,'2021-01-03 04:00:00',1,4,310.59,'scheduled'),(305,'PAS-305',5,'2021-01-03 08:00:00',7,'2021-01-03 13:00:00',6,5,416.18,'scheduled'),(306,'PAS-306',3,'2021-01-03 21:00:00',5,'2021-01-04 01:00:00',6,4,322.65,'scheduled'),(307,'PAS-307',8,'2021-01-03 07:00:00',12,'2021-01-03 09:00:00',7,2,187.35,'scheduled'),(308,'PAS-308',10,'2021-01-03 11:00:00',5,'2021-01-03 20:00:00',6,9,728.73,'scheduled'),(309,'LNA-309',11,'2021-01-03 17:00:00',9,'2021-01-04 03:00:00',9,11,859.41,'scheduled'),(310,'LNA-310',2,'2021-01-03 04:00:00',9,'2021-01-03 10:00:00',10,7,537.65,'scheduled'),(311,'LNA-311',9,'2021-01-03 23:00:00',10,'2021-01-04 06:00:00',10,7,565.69,'scheduled'),(312,'LNA-312',1,'2021-01-03 13:00:00',7,'2021-01-03 15:00:00',9,2,169.02,'scheduled'),(313,'TTR-313',5,'2021-01-04 22:00:00',11,'2021-01-05 07:00:00',5,9,728.73,'scheduled'),(314,'TTR-314',5,'2021-01-04 21:00:00',2,'2021-01-04 23:00:00',1,3,200.98,'scheduled'),(315,'TTR-315',9,'2021-01-04 04:00:00',11,'2021-01-04 06:00:00',4,3,215.00,'scheduled'),(316,'TTR-316',2,'2021-01-04 07:00:00',2,'2021-01-04 13:00:00',5,7,537.65,'scheduled'),(317,'PAS-317',6,'2021-01-04 10:00:00',3,'2021-01-04 13:00:00',7,3,270.88,'scheduled'),(318,'PAS-318',7,'2021-01-04 22:00:00',12,'2021-01-05 03:00:00',7,5,413.53,'scheduled'),(319,'PAS-319',11,'2021-01-04 10:00:00',6,'2021-01-04 18:00:00',7,9,697.45,'scheduled'),(320,'PAS-320',6,'2021-01-04 01:00:00',5,'2021-01-04 04:00:00',6,3,238.63,'scheduled'),(321,'LNA-321',8,'2021-01-04 21:00:00',1,'2021-01-04 23:00:00',11,2,181.27,'scheduled'),(322,'LNA-322',8,'2021-01-04 18:00:00',5,'2021-01-04 20:00:00',10,2,159.51,'scheduled'),(323,'LNA-323',9,'2021-01-04 18:00:00',3,'2021-01-05 00:00:00',11,7,537.65,'scheduled'),(324,'LNA-324',8,'2021-01-04 23:00:00',2,'2021-01-05 06:00:00',11,7,558.04,'scheduled'),(325,'TTR-325',2,'2021-01-05 01:00:00',12,'2021-01-05 07:00:00',5,7,537.65,'scheduled'),(326,'TTR-326',6,'2021-01-05 19:00:00',7,'2021-01-06 01:00:00',4,6,500.69,'scheduled'),(327,'TTR-327',5,'2021-01-05 20:00:00',3,'2021-01-06 05:00:00',2,9,718.24,'scheduled'),(328,'TTR-328',7,'2021-01-05 14:00:00',10,'2021-01-05 21:00:00',2,8,625.20,'scheduled'),(329,'PAS-329',2,'2021-01-05 01:00:00',5,'2021-01-05 03:00:00',7,3,227.45,'scheduled'),(330,'PAS-330',8,'2021-01-05 07:00:00',9,'2021-01-05 10:00:00',6,3,270.88,'scheduled'),(331,'PAS-331',10,'2021-01-05 01:00:00',1,'2021-01-05 03:00:00',6,2,181.27,'scheduled'),(332,'PAS-332',12,'2021-01-05 00:00:00',4,'2021-01-05 02:00:00',6,3,200.98,'scheduled'),(333,'LNA-333',5,'2021-01-05 02:00:00',9,'2021-01-05 06:00:00',11,4,350.59,'scheduled'),(334,'LNA-334',2,'2021-01-05 05:00:00',2,'2021-01-05 14:00:00',9,9,732.45,'scheduled'),(335,'LNA-335',11,'2021-01-05 18:00:00',2,'2021-01-06 02:00:00',8,9,697.45,'scheduled'),(336,'LNA-336',6,'2021-01-05 05:00:00',6,'2021-01-05 11:00:00',9,6,500.69,'scheduled'),(337,'TTR-337',4,'2021-01-06 21:00:00',6,'2021-01-07 00:00:00',4,3,241.27,'scheduled'),(338,'TTR-338',5,'2021-01-06 12:00:00',5,'2021-01-06 16:00:00',4,4,352.16,'scheduled'),(339,'TTR-339',3,'2021-01-06 22:00:00',9,'2021-01-07 02:00:00',3,4,322.65,'scheduled'),(340,'TTR-340',12,'2021-01-06 16:00:00',9,'2021-01-07 01:00:00',4,9,735.49,'scheduled'),(341,'PAS-341',6,'2021-01-06 19:00:00',12,'2021-01-06 22:00:00',6,3,238.63,'scheduled'),(342,'PAS-342',5,'2021-01-06 09:00:00',12,'2021-01-06 14:00:00',6,5,416.18,'scheduled'),(343,'PAS-343',8,'2021-01-06 05:00:00',9,'2021-01-06 07:00:00',6,2,187.35,'scheduled'),(344,'PAS-344',6,'2021-01-06 08:00:00',8,'2021-01-06 13:00:00',6,6,443.04,'scheduled'),(345,'LNA-345',9,'2021-01-06 00:00:00',3,'2021-01-06 06:00:00',10,7,537.65,'scheduled'),(346,'LNA-346',11,'2021-01-06 23:00:00',9,'2021-01-07 09:00:00',8,10,803.53,'scheduled'),(347,'LNA-347',10,'2021-01-06 09:00:00',4,'2021-01-06 18:00:00',10,9,728.73,'scheduled'),(348,'LNA-348',10,'2021-01-06 12:00:00',11,'2021-01-06 20:00:00',10,8,644.41,'scheduled'),(349,'TTR-349',12,'2021-01-07 01:00:00',6,'2021-01-07 09:00:00',4,8,644.41,'scheduled'),(350,'TTR-350',2,'2021-01-07 04:00:00',10,'2021-01-07 10:00:00',3,6,494.12,'scheduled'),(351,'TTR-351',2,'2021-01-07 09:00:00',8,'2021-01-07 09:00:00',1,0,34.61,'scheduled'),(352,'TTR-352',1,'2021-01-07 19:00:00',4,'2021-01-08 06:00:00',3,11,890.20,'scheduled'),(353,'PAS-353',12,'2021-01-07 22:00:00',6,'2021-01-08 07:00:00',6,9,732.45,'scheduled'),(354,'PAS-354',6,'2021-01-07 12:00:00',12,'2021-01-07 15:00:00',6,4,309.71,'scheduled'),(355,'PAS-355',5,'2021-01-07 06:00:00',8,'2021-01-07 15:00:00',7,9,718.24,'scheduled'),(356,'PAS-356',6,'2021-01-07 13:00:00',5,'2021-01-07 18:00:00',7,5,416.67,'scheduled'),(357,'LNA-357',5,'2021-01-07 08:00:00',4,'2021-01-07 13:00:00',11,5,416.18,'scheduled'),(358,'LNA-358',3,'2021-01-07 07:00:00',8,'2021-01-07 08:00:00',11,1,84.61,'scheduled'),(359,'LNA-359',1,'2021-01-07 20:00:00',2,'2021-01-07 23:00:00',8,4,309.41,'scheduled'),(360,'LNA-360',2,'2021-01-07 14:00:00',1,'2021-01-07 14:00:00',8,0,34.61,'scheduled'),(361,'TTR-361',10,'2021-01-08 12:00:00',6,'2021-01-08 22:00:00',2,10,803.53,'scheduled'),(362,'TTR-362',6,'2021-01-08 17:00:00',10,'2021-01-08 22:00:00',3,6,443.04,'scheduled'),(363,'TTR-363',6,'2021-01-08 09:00:00',9,'2021-01-08 14:00:00',1,6,460.00,'scheduled'),(364,'TTR-364',8,'2021-01-08 13:00:00',2,'2021-01-08 20:00:00',3,7,558.04,'scheduled'),(365,'PAS-365',2,'2021-01-08 18:00:00',7,'2021-01-09 00:00:00',6,6,494.12,'scheduled'),(366,'PAS-366',7,'2021-01-08 02:00:00',9,'2021-01-08 05:00:00',7,4,309.41,'scheduled'),(367,'PAS-367',4,'2021-01-08 12:00:00',1,'2021-01-08 18:00:00',6,6,481.18,'scheduled'),(368,'PAS-368',5,'2021-01-08 23:00:00',4,'2021-01-09 03:00:00',7,4,352.16,'scheduled'),(369,'LNA-369',2,'2021-01-08 18:00:00',9,'2021-01-08 20:00:00',9,3,227.45,'scheduled'),(370,'LNA-370',5,'2021-01-08 14:00:00',6,'2021-01-08 19:00:00',9,5,416.18,'scheduled'),(371,'LNA-371',1,'2021-01-08 19:00:00',8,'2021-01-08 19:00:00',9,0,34.61,'scheduled'),(372,'LNA-372',5,'2021-01-08 03:00:00',9,'2021-01-08 06:00:00',11,4,309.71,'scheduled'),(373,'TTR-373',11,'2021-01-09 22:00:00',9,'2021-01-10 06:00:00',1,9,697.45,'scheduled'),(374,'TTR-374',8,'2021-01-09 01:00:00',2,'2021-01-09 03:00:00',4,2,187.35,'scheduled'),(375,'TTR-375',7,'2021-01-09 18:00:00',8,'2021-01-09 20:00:00',5,2,159.51,'scheduled'),(376,'TTR-376',9,'2021-01-09 21:00:00',11,'2021-01-10 00:00:00',4,4,310.59,'scheduled'),(377,'PAS-377',6,'2021-01-09 14:00:00',3,'2021-01-09 19:00:00',6,6,460.00,'scheduled'),(378,'PAS-378',9,'2021-01-09 14:00:00',12,'2021-01-09 18:00:00',7,5,387.06,'scheduled'),(379,'PAS-379',6,'2021-01-09 22:00:00',5,'2021-01-10 00:00:00',6,2,185.10,'scheduled'),(380,'PAS-380',5,'2021-01-09 06:00:00',6,'2021-01-09 11:00:00',7,5,416.18,'scheduled'),(381,'LNA-381',10,'2021-01-09 19:00:00',9,'2021-01-10 00:00:00',11,5,430.69,'scheduled'),(382,'LNA-382',8,'2021-01-09 14:00:00',2,'2021-01-09 16:00:00',8,2,187.35,'scheduled'),(383,'LNA-383',8,'2021-01-09 02:00:00',2,'2021-01-09 09:00:00',9,7,558.04,'scheduled'),(384,'LNA-384',9,'2021-01-09 12:00:00',9,'2021-01-09 16:00:00',11,5,387.06,'scheduled'),(385,'TTR-385',11,'2021-01-10 10:00:00',3,'2021-01-10 14:00:00',5,5,387.06,'scheduled'),(386,'TTR-386',11,'2021-01-10 07:00:00',6,'2021-01-10 15:00:00',3,9,697.45,'scheduled'),(387,'TTR-387',11,'2021-01-10 19:00:00',4,'2021-01-10 21:00:00',5,3,216.67,'scheduled'),(388,'TTR-388',9,'2021-01-10 14:00:00',4,'2021-01-10 19:00:00',4,5,430.69,'scheduled'),(389,'PAS-389',5,'2021-01-10 02:00:00',2,'2021-01-10 05:00:00',6,4,309.71,'scheduled'),(390,'PAS-390',7,'2021-01-10 16:00:00',5,'2021-01-10 19:00:00',6,3,241.27,'scheduled'),(391,'PAS-391',11,'2021-01-10 15:00:00',12,'2021-01-11 02:00:00',6,11,890.20,'scheduled'),(392,'PAS-392',7,'2021-01-10 04:00:00',1,'2021-01-10 06:00:00',7,2,159.51,'scheduled'),(393,'LNA-393',7,'2021-01-10 20:00:00',8,'2021-01-10 23:00:00',9,3,241.27,'scheduled'),(394,'LNA-394',5,'2021-01-10 12:00:00',8,'2021-01-10 15:00:00',10,4,309.71,'scheduled'),(395,'LNA-395',6,'2021-01-10 08:00:00',8,'2021-01-10 14:00:00',8,6,494.12,'scheduled'),(396,'LNA-396',1,'2021-01-10 22:00:00',10,'2021-01-10 22:00:00',8,0,34.61,'scheduled'),(397,'TTR-397',2,'2021-01-11 03:00:00',4,'2021-01-11 09:00:00',2,6,494.12,'scheduled'),(398,'TTR-398',1,'2021-01-11 22:00:00',6,'2021-01-12 03:00:00',2,6,460.00,'scheduled'),(399,'TTR-399',2,'2021-01-11 11:00:00',4,'2021-01-11 17:00:00',5,7,537.65,'scheduled'),(400,'TTR-400',3,'2021-01-11 20:00:00',11,'2021-01-12 00:00:00',4,4,322.65,'scheduled'),(401,'PAS-401',3,'2021-01-11 16:00:00',4,'2021-01-11 19:00:00',7,4,296.57,'scheduled'),(402,'PAS-402',4,'2021-01-11 02:00:00',8,'2021-01-11 08:00:00',7,6,481.18,'scheduled'),(403,'PAS-403',1,'2021-01-11 18:00:00',1,'2021-01-12 05:00:00',6,11,890.20,'scheduled'),(404,'PAS-404',3,'2021-01-11 05:00:00',9,'2021-01-11 12:00:00',7,7,565.69,'scheduled'),(405,'LNA-405',7,'2021-01-11 15:00:00',7,'2021-01-11 20:00:00',9,5,416.18,'scheduled'),(406,'LNA-406',11,'2021-01-11 01:00:00',5,'2021-01-11 06:00:00',10,6,443.04,'scheduled'),(407,'LNA-407',1,'2021-01-11 10:00:00',2,'2021-01-11 11:00:00',9,2,128.24,'scheduled'),(408,'LNA-408',1,'2021-01-11 10:00:00',2,'2021-01-11 12:00:00',11,2,192.84,'scheduled'),(409,'TTR-409',10,'2021-01-12 02:00:00',11,'2021-01-12 04:00:00',5,2,188.92,'scheduled'),(410,'TTR-410',11,'2021-01-12 00:00:00',7,'2021-01-12 10:00:00',5,10,803.53,'scheduled'),(411,'TTR-411',12,'2021-01-12 00:00:00',1,'2021-01-12 08:00:00',3,8,652.55,'scheduled'),(412,'TTR-412',4,'2021-01-12 18:00:00',2,'2021-01-12 19:00:00',2,1,84.61,'scheduled'),(413,'PAS-413',2,'2021-01-12 16:00:00',7,'2021-01-13 03:00:00',7,12,924.71,'scheduled'),(414,'PAS-414',12,'2021-01-12 05:00:00',10,'2021-01-12 14:00:00',7,9,735.49,'scheduled'),(415,'PAS-415',1,'2021-01-12 10:00:00',9,'2021-01-12 16:00:00',6,6,503.14,'scheduled'),(416,'PAS-416',10,'2021-01-12 09:00:00',6,'2021-01-12 11:00:00',6,2,169.02,'scheduled'),(417,'LNA-417',8,'2021-01-12 12:00:00',4,'2021-01-12 15:00:00',11,4,310.59,'scheduled'),(418,'LNA-418',5,'2021-01-12 22:00:00',2,'2021-01-13 02:00:00',11,4,350.59,'scheduled'),(419,'LNA-419',9,'2021-01-12 20:00:00',8,'2021-01-12 21:00:00',11,1,100.59,'scheduled'),(420,'LNA-420',8,'2021-01-12 17:00:00',8,'2021-01-12 20:00:00',11,3,267.06,'scheduled'),(421,'TTR-421',2,'2021-01-13 10:00:00',2,'2021-01-13 12:00:00',1,3,227.45,'scheduled'),(422,'TTR-422',9,'2021-01-13 23:00:00',3,'2021-01-14 03:00:00',5,4,350.59,'scheduled'),(423,'TTR-423',7,'2021-01-13 00:00:00',5,'2021-01-13 03:00:00',4,3,241.27,'scheduled'),(424,'TTR-424',9,'2021-01-13 19:00:00',6,'2021-01-14 01:00:00',4,7,537.65,'scheduled'),(425,'PAS-425',5,'2021-01-13 10:00:00',11,'2021-01-13 19:00:00',6,9,718.24,'scheduled'),(426,'PAS-426',10,'2021-01-13 20:00:00',6,'2021-01-14 01:00:00',7,5,425.10,'scheduled'),(427,'PAS-427',6,'2021-01-13 12:00:00',8,'2021-01-13 15:00:00',7,4,309.71,'scheduled'),(428,'PAS-428',8,'2021-01-13 01:00:00',10,'2021-01-13 04:00:00',7,3,267.06,'scheduled'),(429,'LNA-429',7,'2021-01-13 04:00:00',5,'2021-01-13 11:00:00',11,8,625.20,'scheduled'),(430,'LNA-430',7,'2021-01-13 12:00:00',4,'2021-01-13 14:00:00',8,2,159.51,'scheduled'),(431,'LNA-431',8,'2021-01-13 22:00:00',10,'2021-01-14 01:00:00',8,3,270.88,'scheduled'),(432,'LNA-432',6,'2021-01-13 01:00:00',6,'2021-01-13 07:00:00',9,6,500.69,'scheduled'),(433,'TTR-433',7,'2021-01-14 17:00:00',9,'2021-01-14 20:00:00',1,3,269.80,'scheduled'),(434,'TTR-434',4,'2021-01-14 20:00:00',9,'2021-01-14 21:00:00',1,1,84.61,'scheduled'),(435,'TTR-435',7,'2021-01-14 12:00:00',4,'2021-01-14 14:00:00',1,2,185.10,'scheduled'),(436,'TTR-436',5,'2021-01-14 05:00:00',8,'2021-01-14 14:00:00',5,9,718.24,'scheduled'),(437,'PAS-437',11,'2021-01-14 06:00:00',6,'2021-01-14 16:00:00',6,11,859.41,'scheduled'),(438,'PAS-438',2,'2021-01-14 09:00:00',9,'2021-01-14 20:00:00',7,12,924.71,'scheduled'),(439,'PAS-439',5,'2021-01-14 10:00:00',12,'2021-01-14 19:00:00',6,10,756.08,'scheduled'),(440,'PAS-440',6,'2021-01-14 00:00:00',10,'2021-01-14 02:00:00',7,2,185.10,'scheduled'),(441,'LNA-441',9,'2021-01-14 13:00:00',12,'2021-01-14 19:00:00',9,6,481.18,'scheduled'),(442,'LNA-442',6,'2021-01-14 08:00:00',5,'2021-01-14 14:00:00',9,6,500.69,'scheduled'),(443,'LNA-443',9,'2021-01-14 10:00:00',4,'2021-01-14 13:00:00',10,4,310.59,'scheduled'),(444,'LNA-444',9,'2021-01-14 02:00:00',3,'2021-01-14 05:00:00',11,4,310.59,'scheduled'),(445,'TTR-445',6,'2021-01-15 04:00:00',8,'2021-01-15 09:00:00',1,6,460.00,'scheduled'),(446,'TTR-446',12,'2021-01-15 21:00:00',6,'2021-01-16 05:00:00',1,8,644.41,'scheduled'),(447,'TTR-447',3,'2021-01-15 02:00:00',2,'2021-01-15 11:00:00',2,9,735.49,'scheduled'),(448,'TTR-448',1,'2021-01-15 13:00:00',8,'2021-01-15 14:00:00',1,2,128.24,'scheduled'),(449,'PAS-449',10,'2021-01-15 05:00:00',5,'2021-01-15 08:00:00',7,3,256.37,'scheduled'),(450,'PAS-450',11,'2021-01-15 14:00:00',2,'2021-01-15 18:00:00',6,4,352.16,'scheduled'),(451,'PAS-451',11,'2021-01-15 14:00:00',3,'2021-01-16 01:00:00',7,11,890.20,'scheduled'),(452,'PAS-452',7,'2021-01-15 22:00:00',10,'2021-01-16 05:00:00',7,8,625.20,'scheduled'),(453,'LNA-453',3,'2021-01-15 06:00:00',5,'2021-01-15 12:00:00',9,6,500.69,'scheduled'),(454,'LNA-454',3,'2021-01-15 10:00:00',8,'2021-01-15 13:00:00',8,3,267.06,'scheduled'),(455,'LNA-455',4,'2021-01-15 10:00:00',8,'2021-01-15 20:00:00',9,11,859.41,'scheduled'),(456,'LNA-456',7,'2021-01-15 03:00:00',4,'2021-01-15 07:00:00',11,4,340.59,'scheduled'),(457,'TTR-457',3,'2021-01-16 10:00:00',1,'2021-01-16 19:00:00',5,9,718.24,'scheduled'),(458,'TTR-458',9,'2021-01-16 07:00:00',2,'2021-01-16 13:00:00',1,6,481.18,'scheduled'),(459,'TTR-459',3,'2021-01-16 17:00:00',2,'2021-01-16 23:00:00',3,6,500.69,'scheduled'),(460,'TTR-460',1,'2021-01-16 20:00:00',12,'2021-01-16 22:00:00',1,2,169.02,'scheduled'),(461,'PAS-461',10,'2021-01-16 10:00:00',8,'2021-01-16 12:00:00',7,2,181.27,'scheduled'),(462,'PAS-462',7,'2021-01-16 04:00:00',12,'2021-01-16 07:00:00',7,4,309.41,'scheduled'),(463,'PAS-463',2,'2021-01-16 20:00:00',11,'2021-01-17 05:00:00',7,10,756.08,'scheduled'),(464,'PAS-464',12,'2021-01-16 20:00:00',1,'2021-01-17 04:00:00',7,9,698.24,'scheduled'),(465,'LNA-465',4,'2021-01-16 06:00:00',9,'2021-01-16 07:00:00',8,1,111.76,'scheduled'),(466,'LNA-466',1,'2021-01-16 14:00:00',11,'2021-01-16 19:00:00',10,6,460.00,'scheduled'),(467,'LNA-467',4,'2021-01-16 04:00:00',10,'2021-01-16 05:00:00',8,2,126.96,'scheduled'),(468,'LNA-468',3,'2021-01-16 15:00:00',11,'2021-01-16 18:00:00',11,3,267.06,'scheduled'),(469,'TTR-469',5,'2021-01-17 10:00:00',8,'2021-01-17 19:00:00',5,9,728.73,'scheduled'),(470,'TTR-470',12,'2021-01-17 15:00:00',8,'2021-01-18 00:00:00',2,9,735.49,'scheduled'),(471,'TTR-471',3,'2021-01-17 02:00:00',9,'2021-01-17 14:00:00',2,12,943.63,'scheduled'),(472,'TTR-472',9,'2021-01-17 10:00:00',11,'2021-01-17 16:00:00',3,7,537.65,'scheduled'),(473,'PAS-473',1,'2021-01-17 13:00:00',9,'2021-01-17 15:00:00',7,2,192.84,'scheduled'),(474,'PAS-474',8,'2021-01-17 20:00:00',8,'2021-01-17 22:00:00',7,2,192.84,'scheduled'),(475,'PAS-475',5,'2021-01-17 19:00:00',3,'2021-01-17 21:00:00',6,3,200.98,'scheduled'),(476,'PAS-476',11,'2021-01-17 02:00:00',12,'2021-01-17 06:00:00',6,5,387.06,'scheduled'),(477,'LNA-477',8,'2021-01-17 07:00:00',4,'2021-01-17 09:00:00',11,2,187.35,'scheduled'),(478,'LNA-478',5,'2021-01-17 21:00:00',8,'2021-01-17 23:00:00',9,3,200.98,'scheduled'),(479,'LNA-479',10,'2021-01-17 21:00:00',5,'2021-01-18 07:00:00',10,10,803.53,'scheduled'),(480,'LNA-480',10,'2021-01-17 14:00:00',2,'2021-01-17 22:00:00',8,8,644.41,'scheduled'),(481,'TTR-481',3,'2021-01-18 14:00:00',5,'2021-01-18 17:00:00',1,4,296.57,'scheduled'),(482,'TTR-482',2,'2021-01-18 06:00:00',6,'2021-01-18 07:00:00',3,2,126.96,'scheduled'),(483,'TTR-483',6,'2021-01-18 13:00:00',5,'2021-01-18 14:00:00',3,1,100.59,'scheduled'),(484,'TTR-484',1,'2021-01-18 09:00:00',6,'2021-01-18 14:00:00',4,6,460.00,'scheduled'),(485,'PAS-485',10,'2021-01-18 17:00:00',8,'2021-01-18 19:00:00',6,2,181.27,'scheduled'),(486,'PAS-486',4,'2021-01-18 04:00:00',3,'2021-01-18 09:00:00',6,5,416.67,'scheduled'),(487,'PAS-487',2,'2021-01-18 22:00:00',6,'2021-01-19 09:00:00',7,12,924.71,'scheduled'),(488,'PAS-488',1,'2021-01-18 10:00:00',12,'2021-01-18 15:00:00',7,6,460.00,'scheduled'),(489,'LNA-489',11,'2021-01-18 20:00:00',1,'2021-01-19 00:00:00',9,5,387.06,'scheduled'),(490,'LNA-490',5,'2021-01-18 09:00:00',2,'2021-01-18 16:00:00',8,7,558.04,'scheduled'),(491,'LNA-491',5,'2021-01-18 10:00:00',9,'2021-01-18 19:00:00',10,9,728.73,'scheduled'),(492,'LNA-492',6,'2021-01-18 18:00:00',6,'2021-01-19 00:00:00',10,6,500.69,'scheduled'),(493,'TTR-493',2,'2021-01-19 06:00:00',5,'2021-01-19 17:00:00',2,12,924.71,'scheduled'),(494,'TTR-494',11,'2021-01-19 04:00:00',4,'2021-01-19 09:00:00',2,6,443.04,'scheduled'),(495,'TTR-495',3,'2021-01-19 15:00:00',11,'2021-01-20 00:00:00',5,9,735.49,'scheduled'),(496,'TTR-496',12,'2021-01-19 09:00:00',9,'2021-01-19 18:00:00',5,9,732.45,'scheduled'),(497,'PAS-497',5,'2021-01-19 03:00:00',10,'2021-01-19 05:00:00',7,3,200.98,'scheduled'),(498,'PAS-498',11,'2021-01-19 22:00:00',2,'2021-01-20 05:00:00',7,8,625.20,'scheduled'),(499,'PAS-499',11,'2021-01-19 07:00:00',2,'2021-01-19 15:00:00',6,9,697.45,'scheduled'),(500,'PAS-500',5,'2021-01-19 15:00:00',4,'2021-01-19 22:00:00',7,7,558.04,'scheduled'),(501,'LNA-501',10,'2021-01-19 07:00:00',11,'2021-01-19 10:00:00',10,3,256.37,'scheduled'),(502,'LNA-502',9,'2021-01-19 22:00:00',4,'2021-01-19 23:00:00',9,1,100.59,'scheduled'),(503,'LNA-503',7,'2021-01-19 19:00:00',6,'2021-01-20 00:00:00',9,5,416.18,'scheduled'),(504,'LNA-504',5,'2021-01-19 18:00:00',4,'2021-01-19 21:00:00',8,4,309.71,'scheduled'),(505,'TTR-505',2,'2021-01-20 01:00:00',1,'2021-01-20 12:00:00',2,12,924.71,'scheduled'),(506,'TTR-506',8,'2021-01-20 19:00:00',6,'2021-01-21 03:00:00',2,9,697.45,'scheduled'),(507,'TTR-507',3,'2021-01-20 04:00:00',4,'2021-01-20 13:00:00',5,9,735.49,'scheduled'),(508,'TTR-508',1,'2021-01-20 03:00:00',10,'2021-01-20 08:00:00',1,6,460.00,'scheduled'),(509,'PAS-509',3,'2021-01-20 22:00:00',9,'2021-01-21 07:00:00',6,9,735.49,'scheduled'),(510,'PAS-510',9,'2021-01-20 20:00:00',6,'2021-01-21 01:00:00',6,5,430.69,'scheduled'),(511,'PAS-511',1,'2021-01-20 07:00:00',8,'2021-01-20 09:00:00',6,2,192.84,'scheduled'),(512,'PAS-512',4,'2021-01-20 23:00:00',1,'2021-01-21 00:00:00',6,2,126.96,'scheduled'),(513,'LNA-513',2,'2021-01-20 12:00:00',4,'2021-01-20 18:00:00',10,7,537.65,'scheduled'),(514,'LNA-514',5,'2021-01-20 01:00:00',9,'2021-01-20 10:00:00',11,9,718.24,'scheduled'),(515,'LNA-515',5,'2021-01-20 18:00:00',12,'2021-01-21 03:00:00',10,9,728.73,'scheduled'),(516,'LNA-516',7,'2021-01-20 09:00:00',2,'2021-01-20 13:00:00',11,4,340.49,'scheduled'),(517,'TTR-517',2,'2021-01-21 04:00:00',11,'2021-01-21 08:00:00',3,4,340.49,'scheduled'),(518,'TTR-518',5,'2021-01-21 22:00:00',5,'2021-01-22 03:00:00',1,5,416.18,'scheduled'),(519,'TTR-519',9,'2021-01-21 03:00:00',11,'2021-01-21 09:00:00',3,6,481.18,'scheduled'),(520,'TTR-520',9,'2021-01-21 07:00:00',11,'2021-01-21 13:00:00',5,6,481.18,'scheduled'),(521,'PAS-521',9,'2021-01-21 13:00:00',11,'2021-01-21 15:00:00',6,3,215.00,'scheduled'),(522,'PAS-522',3,'2021-01-21 22:00:00',3,'2021-01-22 01:00:00',6,4,296.57,'scheduled'),(523,'PAS-523',6,'2021-01-21 19:00:00',1,'2021-01-21 22:00:00',6,3,270.88,'scheduled'),(524,'PAS-524',10,'2021-01-21 12:00:00',2,'2021-01-21 20:00:00',7,8,644.41,'scheduled'),(525,'LNA-525',12,'2021-01-21 22:00:00',3,'2021-01-22 00:00:00',11,3,200.98,'scheduled'),(526,'LNA-526',8,'2021-01-21 05:00:00',3,'2021-01-21 13:00:00',9,9,697.45,'scheduled'),(527,'LNA-527',9,'2021-01-21 15:00:00',11,'2021-01-21 16:00:00',11,1,100.59,'scheduled'),(528,'LNA-528',3,'2021-01-21 20:00:00',6,'2021-01-22 08:00:00',11,12,943.63,'scheduled'),(529,'TTR-529',10,'2021-01-22 13:00:00',8,'2021-01-22 23:00:00',4,10,803.53,'scheduled'),(530,'TTR-530',3,'2021-01-22 04:00:00',8,'2021-01-22 07:00:00',3,4,296.57,'scheduled'),(531,'TTR-531',8,'2021-01-22 03:00:00',4,'2021-01-22 05:00:00',2,2,192.84,'scheduled'),(532,'TTR-532',12,'2021-01-22 16:00:00',10,'2021-01-22 18:00:00',5,3,200.98,'scheduled'),(533,'PAS-533',8,'2021-01-22 22:00:00',1,'2021-01-23 01:00:00',7,3,267.06,'scheduled'),(534,'PAS-534',11,'2021-01-22 08:00:00',2,'2021-01-22 20:00:00',6,12,943.63,'scheduled'),(535,'PAS-535',12,'2021-01-22 19:00:00',6,'2021-01-23 00:00:00',6,5,413.53,'scheduled'),(536,'PAS-536',8,'2021-01-22 02:00:00',4,'2021-01-22 04:00:00',6,3,227.45,'scheduled'),(537,'LNA-537',2,'2021-01-22 15:00:00',5,'2021-01-23 02:00:00',10,12,924.71,'scheduled'),(538,'LNA-538',10,'2021-01-22 07:00:00',7,'2021-01-22 10:00:00',9,4,296.57,'scheduled'),(539,'LNA-539',11,'2021-01-22 09:00:00',9,'2021-01-22 19:00:00',11,10,803.53,'scheduled'),(540,'LNA-540',2,'2021-01-22 14:00:00',3,'2021-01-22 16:00:00',10,2,188.92,'scheduled'),(541,'TTR-541',5,'2021-01-23 19:00:00',7,'2021-01-24 00:00:00',5,5,416.18,'scheduled'),(542,'TTR-542',5,'2021-01-23 21:00:00',4,'2021-01-24 02:00:00',3,5,416.18,'scheduled'),(543,'TTR-543',1,'2021-01-23 11:00:00',3,'2021-01-23 14:00:00',4,4,309.41,'scheduled'),(544,'TTR-544',4,'2021-01-23 14:00:00',7,'2021-01-23 22:00:00',1,8,652.55,'scheduled'),(545,'PAS-545',1,'2021-01-23 21:00:00',12,'2021-01-24 05:00:00',6,9,698.24,'scheduled'),(546,'PAS-546',8,'2021-01-23 15:00:00',4,'2021-01-23 17:00:00',7,2,159.51,'scheduled'),(547,'PAS-547',7,'2021-01-23 21:00:00',10,'2021-01-24 00:00:00',6,3,269.80,'scheduled'),(548,'PAS-548',4,'2021-01-23 01:00:00',11,'2021-01-23 09:00:00',7,8,652.55,'scheduled'),(549,'LNA-549',7,'2021-01-23 06:00:00',3,'2021-01-23 11:00:00',9,5,416.18,'scheduled'),(550,'LNA-550',8,'2021-01-23 18:00:00',5,'2021-01-23 20:00:00',8,3,227.45,'scheduled'),(551,'LNA-551',4,'2021-01-23 10:00:00',7,'2021-01-23 12:00:00',11,2,187.35,'scheduled'),(552,'LNA-552',2,'2021-01-23 14:00:00',2,'2021-01-23 18:00:00',10,4,340.49,'scheduled'),(553,'TTR-553',12,'2021-01-24 02:00:00',1,'2021-01-24 04:00:00',4,3,215.00,'scheduled'),(554,'TTR-554',4,'2021-01-24 11:00:00',9,'2021-01-24 12:00:00',1,1,111.76,'scheduled'),(555,'TTR-555',8,'2021-01-24 06:00:00',10,'2021-01-24 09:00:00',4,3,270.88,'scheduled'),(556,'TTR-556',10,'2021-01-24 02:00:00',8,'2021-01-24 04:00:00',5,2,181.27,'scheduled'),(557,'PAS-557',9,'2021-01-24 05:00:00',9,'2021-01-24 10:00:00',6,5,430.69,'scheduled'),(558,'PAS-558',9,'2021-01-24 23:00:00',3,'2021-01-25 01:00:00',7,3,215.00,'scheduled'),(559,'PAS-559',11,'2021-01-24 22:00:00',5,'2021-01-25 08:00:00',7,11,859.41,'scheduled'),(560,'PAS-560',1,'2021-01-24 23:00:00',7,'2021-01-25 08:00:00',7,9,725.49,'scheduled'),(561,'LNA-561',9,'2021-01-24 04:00:00',2,'2021-01-24 08:00:00',11,4,350.59,'scheduled'),(562,'LNA-562',2,'2021-01-24 06:00:00',4,'2021-01-24 07:00:00',8,2,119.41,'scheduled'),(563,'LNA-563',4,'2021-01-24 22:00:00',5,'2021-01-24 23:00:00',10,2,126.96,'scheduled'),(564,'LNA-564',8,'2021-01-24 08:00:00',8,'2021-01-24 10:00:00',8,2,181.27,'scheduled'),(565,'TTR-565',6,'2021-01-25 07:00:00',11,'2021-01-25 13:00:00',4,6,494.12,'scheduled'),(566,'TTR-566',6,'2021-01-25 04:00:00',4,'2021-01-25 07:00:00',2,3,238.63,'scheduled'),(567,'TTR-567',12,'2021-01-25 14:00:00',9,'2021-01-25 17:00:00',4,3,238.63,'scheduled'),(568,'TTR-568',5,'2021-01-25 01:00:00',4,'2021-01-25 10:00:00',4,9,728.73,'scheduled'),(569,'PAS-569',9,'2021-01-25 03:00:00',8,'2021-01-25 06:00:00',6,4,310.59,'scheduled'),(570,'PAS-570',10,'2021-01-25 22:00:00',2,'2021-01-26 03:00:00',6,5,430.69,'scheduled'),(571,'PAS-571',2,'2021-01-25 13:00:00',7,'2021-01-25 13:00:00',7,0,34.61,'scheduled'),(572,'PAS-572',2,'2021-01-25 08:00:00',2,'2021-01-25 14:00:00',6,7,537.65,'scheduled'),(573,'LNA-573',6,'2021-01-25 07:00:00',9,'2021-01-25 12:00:00',11,5,416.67,'scheduled'),(574,'LNA-574',5,'2021-01-25 14:00:00',4,'2021-01-25 18:00:00',9,4,350.59,'scheduled'),(575,'LNA-575',3,'2021-01-25 02:00:00',12,'2021-01-25 03:00:00',8,1,84.61,'scheduled'),(576,'LNA-576',12,'2021-01-25 23:00:00',10,'2021-01-26 01:00:00',9,3,216.67,'scheduled'),(577,'TTR-577',9,'2021-01-26 06:00:00',11,'2021-01-26 09:00:00',3,4,310.59,'scheduled'),(578,'TTR-578',10,'2021-01-26 14:00:00',8,'2021-01-26 23:00:00',1,9,728.73,'scheduled'),(579,'TTR-579',9,'2021-01-26 07:00:00',3,'2021-01-26 08:00:00',2,1,100.59,'scheduled'),(580,'TTR-580',10,'2021-01-26 16:00:00',4,'2021-01-26 20:00:00',1,4,340.59,'scheduled'),(581,'PAS-581',3,'2021-01-26 21:00:00',5,'2021-01-26 22:00:00',7,1,84.61,'scheduled'),(582,'PAS-582',3,'2021-01-26 23:00:00',6,'2021-01-27 02:00:00',7,4,296.57,'scheduled'),(583,'PAS-583',7,'2021-01-26 20:00:00',7,'2021-01-26 22:00:00',7,2,185.10,'scheduled'),(584,'PAS-584',8,'2021-01-26 04:00:00',8,'2021-01-26 06:00:00',7,3,227.45,'scheduled'),(585,'LNA-585',3,'2021-01-26 14:00:00',9,'2021-01-26 23:00:00',8,9,718.24,'scheduled'),(586,'LNA-586',2,'2021-01-26 18:00:00',4,'2021-01-27 00:00:00',10,6,494.12,'scheduled'),(587,'LNA-587',3,'2021-01-26 10:00:00',3,'2021-01-26 13:00:00',10,4,296.57,'scheduled'),(588,'LNA-588',11,'2021-01-26 01:00:00',3,'2021-01-26 05:00:00',10,4,352.16,'scheduled'),(589,'TTR-589',6,'2021-01-27 08:00:00',2,'2021-01-27 09:00:00',5,1,100.59,'scheduled'),(590,'TTR-590',10,'2021-01-27 05:00:00',4,'2021-01-27 10:00:00',3,5,425.10,'scheduled'),(591,'TTR-591',6,'2021-01-27 03:00:00',11,'2021-01-27 06:00:00',5,3,270.88,'scheduled'),(592,'TTR-592',11,'2021-01-27 10:00:00',7,'2021-01-27 20:00:00',1,10,803.53,'scheduled'),(593,'PAS-593',5,'2021-01-27 22:00:00',9,'2021-01-28 05:00:00',7,7,558.04,'scheduled'),(594,'PAS-594',8,'2021-01-27 02:00:00',5,'2021-01-27 05:00:00',7,3,267.06,'scheduled'),(595,'PAS-595',11,'2021-01-27 09:00:00',7,'2021-01-27 14:00:00',6,6,443.04,'scheduled'),(596,'PAS-596',11,'2021-01-27 15:00:00',10,'2021-01-28 01:00:00',6,11,859.41,'scheduled'),(597,'LNA-597',9,'2021-01-27 00:00:00',10,'2021-01-27 04:00:00',11,5,387.06,'scheduled'),(598,'LNA-598',8,'2021-01-27 16:00:00',2,'2021-01-28 00:00:00',8,9,697.45,'scheduled'),(599,'LNA-599',4,'2021-01-27 11:00:00',8,'2021-01-27 12:00:00',10,1,111.76,'scheduled'),(600,'LNA-600',10,'2021-01-27 08:00:00',1,'2021-01-27 10:00:00',10,2,181.27,'scheduled'),(601,'TTR-601',5,'2021-01-28 02:00:00',5,'2021-01-28 11:00:00',5,9,728.73,'scheduled'),(602,'TTR-602',3,'2021-01-28 06:00:00',2,'2021-01-28 15:00:00',4,9,735.49,'scheduled'),(603,'TTR-603',10,'2021-01-28 06:00:00',10,'2021-01-28 08:00:00',2,2,181.27,'scheduled'),(604,'TTR-604',9,'2021-01-28 10:00:00',10,'2021-01-28 14:00:00',4,4,350.59,'scheduled'),(605,'PAS-605',8,'2021-01-28 12:00:00',11,'2021-01-28 14:00:00',6,3,227.45,'scheduled'),(606,'PAS-606',5,'2021-01-28 22:00:00',3,'2021-01-29 07:00:00',6,10,756.08,'scheduled'),(607,'PAS-607',9,'2021-01-28 09:00:00',3,'2021-01-28 14:00:00',7,5,430.69,'scheduled'),(608,'PAS-608',9,'2021-01-28 12:00:00',4,'2021-01-28 14:00:00',6,3,215.00,'scheduled'),(609,'LNA-609',3,'2021-01-28 06:00:00',9,'2021-01-28 12:00:00',10,6,500.69,'scheduled'),(610,'LNA-610',5,'2021-01-28 20:00:00',9,'2021-01-29 05:00:00',8,9,728.73,'scheduled'),(611,'LNA-611',11,'2021-01-28 15:00:00',1,'2021-01-28 20:00:00',11,6,443.04,'scheduled'),(612,'LNA-612',8,'2021-01-28 15:00:00',2,'2021-01-28 18:00:00',8,4,310.59,'scheduled'),(613,'TTR-613',1,'2021-01-29 07:00:00',5,'2021-01-29 12:00:00',4,6,460.00,'scheduled'),(614,'TTR-614',5,'2021-01-29 22:00:00',7,'2021-01-30 07:00:00',5,9,728.73,'scheduled'),(615,'TTR-615',9,'2021-01-29 23:00:00',9,'2021-01-30 03:00:00',1,5,387.06,'scheduled'),(616,'TTR-616',5,'2021-01-29 08:00:00',5,'2021-01-29 16:00:00',2,8,646.67,'scheduled'),(617,'PAS-617',2,'2021-01-29 20:00:00',8,'2021-01-30 07:00:00',7,12,924.71,'scheduled'),(618,'PAS-618',9,'2021-01-29 12:00:00',5,'2021-01-29 13:00:00',6,1,100.59,'scheduled'),(619,'PAS-619',2,'2021-01-29 12:00:00',9,'2021-01-29 12:00:00',6,0,34.61,'scheduled'),(620,'PAS-620',6,'2021-01-29 04:00:00',6,'2021-01-29 05:00:00',6,1,100.59,'scheduled'),(621,'LNA-621',8,'2021-01-29 20:00:00',6,'2021-01-30 02:00:00',10,6,507.16,'scheduled'),(622,'LNA-622',7,'2021-01-29 15:00:00',12,'2021-01-29 17:00:00',9,2,159.51,'scheduled'),(623,'LNA-623',10,'2021-01-29 18:00:00',9,'2021-01-29 21:00:00',9,3,256.37,'scheduled'),(624,'LNA-624',5,'2021-01-29 07:00:00',7,'2021-01-29 14:00:00',10,7,558.04,'scheduled'),(625,'TTR-625',5,'2021-01-30 17:00:00',11,'2021-01-30 20:00:00',1,4,309.71,'scheduled'),(626,'TTR-626',7,'2021-01-30 13:00:00',1,'2021-01-30 16:00:00',5,3,241.27,'scheduled'),(627,'TTR-627',5,'2021-01-30 05:00:00',12,'2021-01-30 07:00:00',1,3,200.98,'scheduled'),(628,'TTR-628',9,'2021-01-30 04:00:00',11,'2021-01-30 10:00:00',2,6,481.18,'scheduled'),(629,'PAS-629',5,'2021-01-30 09:00:00',6,'2021-01-30 11:00:00',7,3,200.98,'scheduled'),(630,'PAS-630',5,'2021-01-30 22:00:00',3,'2021-01-31 00:00:00',6,3,200.98,'scheduled'),(631,'PAS-631',2,'2021-01-30 06:00:00',8,'2021-01-30 12:00:00',7,6,494.12,'scheduled'),(632,'PAS-632',1,'2021-01-30 00:00:00',7,'2021-01-30 01:00:00',6,1,111.76,'scheduled'),(633,'LNA-633',10,'2021-01-30 02:00:00',2,'2021-01-30 05:00:00',9,4,296.57,'scheduled'),(634,'LNA-634',8,'2021-01-30 06:00:00',10,'2021-01-30 08:00:00',8,2,159.51,'scheduled'),(635,'LNA-635',2,'2021-01-30 19:00:00',6,'2021-01-30 20:00:00',9,2,126.96,'scheduled'),(636,'LNA-636',12,'2021-01-30 23:00:00',7,'2021-01-31 02:00:00',9,3,238.63,'scheduled'),(637,'TTR-637',12,'2021-01-31 03:00:00',6,'2021-01-31 09:00:00',5,6,507.16,'scheduled'),(638,'TTR-638',3,'2021-01-31 16:00:00',1,'2021-01-31 17:00:00',4,2,128.24,'scheduled'),(639,'TTR-639',5,'2021-01-31 05:00:00',8,'2021-01-31 09:00:00',4,4,350.59,'scheduled'),(640,'TTR-640',8,'2021-01-31 05:00:00',3,'2021-01-31 07:00:00',4,2,187.35,'scheduled'),(641,'PAS-641',6,'2021-01-31 15:00:00',1,'2021-01-31 18:00:00',6,4,309.71,'scheduled'),(642,'PAS-642',3,'2021-01-31 02:00:00',5,'2021-01-31 09:00:00',7,7,565.69,'scheduled'),(643,'PAS-643',1,'2021-01-31 08:00:00',8,'2021-01-31 09:00:00',6,2,128.24,'scheduled'),(644,'PAS-644',7,'2021-01-31 07:00:00',10,'2021-01-31 10:00:00',6,3,241.27,'scheduled'),(645,'LNA-645',6,'2021-01-31 17:00:00',8,'2021-01-31 18:00:00',9,1,100.59,'scheduled'),(646,'LNA-646',10,'2021-01-31 16:00:00',6,'2021-02-01 00:00:00',9,8,644.41,'scheduled'),(647,'LNA-647',6,'2021-01-31 01:00:00',9,'2021-01-31 07:00:00',9,6,500.69,'scheduled'),(648,'LNA-648',10,'2021-01-31 16:00:00',11,'2021-01-31 18:00:00',9,2,188.92,'scheduled'),(649,'TTR-649',2,'2021-02-01 11:00:00',4,'2021-02-01 13:00:00',2,3,227.45,'scheduled'),(650,'TTR-650',9,'2021-02-01 14:00:00',9,'2021-02-01 17:00:00',1,4,310.59,'scheduled'),(651,'TTR-651',11,'2021-02-01 17:00:00',9,'2021-02-01 21:00:00',1,5,387.06,'scheduled'),(652,'TTR-652',8,'2021-02-01 04:00:00',4,'2021-02-01 07:00:00',3,3,270.88,'scheduled'),(653,'PAS-653',11,'2021-02-01 17:00:00',2,'2021-02-02 04:00:00',7,11,890.20,'scheduled'),(654,'PAS-654',5,'2021-02-01 07:00:00',4,'2021-02-01 11:00:00',7,4,352.16,'scheduled'),(655,'PAS-655',6,'2021-02-01 20:00:00',3,'2021-02-01 23:00:00',6,4,309.71,'scheduled'),(656,'PAS-656',6,'2021-02-01 21:00:00',7,'2021-02-02 02:00:00',7,5,425.10,'scheduled'),(657,'LNA-657',2,'2021-02-01 09:00:00',7,'2021-02-01 15:00:00',10,6,494.12,'scheduled'),(658,'LNA-658',5,'2021-02-01 01:00:00',4,'2021-02-01 08:00:00',11,7,558.04,'scheduled'),(659,'LNA-659',5,'2021-02-01 03:00:00',6,'2021-02-01 05:00:00',10,3,200.98,'scheduled'),(660,'LNA-660',7,'2021-02-01 16:00:00',7,'2021-02-01 19:00:00',8,4,309.41,'scheduled'),(661,'TTR-661',6,'2021-02-02 04:00:00',9,'2021-02-02 07:00:00',1,3,270.88,'scheduled'),(662,'TTR-662',3,'2021-02-02 11:00:00',2,'2021-02-02 12:00:00',2,1,84.61,'scheduled'),(663,'TTR-663',2,'2021-02-02 07:00:00',4,'2021-02-02 16:00:00',2,10,756.08,'scheduled'),(664,'TTR-664',7,'2021-02-02 13:00:00',1,'2021-02-02 17:00:00',5,4,340.59,'scheduled'),(665,'PAS-665',2,'2021-02-02 01:00:00',7,'2021-02-02 07:00:00',6,6,494.12,'scheduled'),(666,'PAS-666',2,'2021-02-02 05:00:00',11,'2021-02-02 06:00:00',6,2,119.41,'scheduled'),(667,'PAS-667',1,'2021-02-02 10:00:00',1,'2021-02-02 13:00:00',7,4,309.41,'scheduled'),(668,'PAS-668',7,'2021-02-02 23:00:00',6,'2021-02-03 03:00:00',6,4,340.59,'scheduled'),(669,'LNA-669',8,'2021-02-02 21:00:00',3,'2021-02-02 23:00:00',9,2,181.27,'scheduled'),(670,'LNA-670',4,'2021-02-02 17:00:00',7,'2021-02-02 18:00:00',9,1,111.76,'scheduled'),(671,'LNA-671',11,'2021-02-02 11:00:00',3,'2021-02-02 18:00:00',10,8,625.20,'scheduled'),(672,'LNA-672',8,'2021-02-02 02:00:00',9,'2021-02-02 08:00:00',8,6,507.16,'scheduled'),(673,'TTR-673',4,'2021-02-03 09:00:00',8,'2021-02-03 12:00:00',4,3,256.37,'scheduled'),(674,'TTR-674',4,'2021-02-03 04:00:00',1,'2021-02-03 12:00:00',5,8,652.55,'scheduled'),(675,'TTR-675',9,'2021-02-03 03:00:00',5,'2021-02-03 07:00:00',5,4,350.59,'scheduled'),(676,'TTR-676',9,'2021-02-03 20:00:00',8,'2021-02-04 02:00:00',3,6,503.14,'scheduled'),(677,'PAS-677',10,'2021-02-03 10:00:00',5,'2021-02-03 18:00:00',6,8,644.41,'scheduled'),(678,'PAS-678',12,'2021-02-03 12:00:00',1,'2021-02-03 14:00:00',6,3,215.00,'scheduled'),(679,'PAS-679',2,'2021-02-03 16:00:00',12,'2021-02-04 01:00:00',6,10,756.08,'scheduled'),(680,'PAS-680',4,'2021-02-03 01:00:00',9,'2021-02-03 07:00:00',7,6,481.18,'scheduled'),(681,'LNA-681',11,'2021-02-03 19:00:00',8,'2021-02-03 21:00:00',8,3,216.67,'scheduled'),(682,'LNA-682',8,'2021-02-03 15:00:00',9,'2021-02-03 18:00:00',8,3,267.06,'scheduled'),(683,'LNA-683',6,'2021-02-03 01:00:00',12,'2021-02-03 02:00:00',10,1,100.59,'scheduled'),(684,'LNA-684',1,'2021-02-03 12:00:00',5,'2021-02-03 13:00:00',10,1,111.76,'scheduled'),(685,'TTR-685',7,'2021-02-04 06:00:00',2,'2021-02-04 11:00:00',2,5,416.18,'scheduled'),(686,'TTR-686',6,'2021-02-04 06:00:00',10,'2021-02-04 09:00:00',2,3,270.88,'scheduled'),(687,'TTR-687',11,'2021-02-04 23:00:00',9,'2021-02-05 11:00:00',4,12,943.63,'scheduled'),(688,'TTR-688',1,'2021-02-04 12:00:00',11,'2021-02-04 13:00:00',4,1,111.76,'scheduled'),(689,'PAS-689',6,'2021-02-04 14:00:00',1,'2021-02-04 20:00:00',6,6,500.69,'scheduled'),(690,'PAS-690',6,'2021-02-04 15:00:00',3,'2021-02-04 18:00:00',6,4,309.71,'scheduled'),(691,'PAS-691',10,'2021-02-04 16:00:00',5,'2021-02-04 18:00:00',7,2,188.92,'scheduled'),(692,'PAS-692',8,'2021-02-04 05:00:00',3,'2021-02-04 08:00:00',7,3,267.06,'scheduled'),(693,'LNA-693',12,'2021-02-04 11:00:00',11,'2021-02-04 17:00:00',8,6,507.16,'scheduled'),(694,'LNA-694',9,'2021-02-04 12:00:00',1,'2021-02-04 14:00:00',11,3,215.00,'scheduled'),(695,'LNA-695',9,'2021-02-04 07:00:00',1,'2021-02-04 10:00:00',10,3,269.80,'scheduled'),(696,'LNA-696',12,'2021-02-04 19:00:00',9,'2021-02-05 03:00:00',11,9,698.24,'scheduled'),(697,'TTR-697',6,'2021-02-05 16:00:00',11,'2021-02-05 22:00:00',4,6,500.69,'scheduled'),(698,'TTR-698',4,'2021-02-05 12:00:00',11,'2021-02-05 15:00:00',1,3,256.37,'scheduled'),(699,'TTR-699',4,'2021-02-05 10:00:00',8,'2021-02-05 13:00:00',2,3,256.37,'scheduled'),(700,'TTR-700',8,'2021-02-05 19:00:00',11,'2021-02-05 22:00:00',4,3,267.06,'scheduled'),(701,'PAS-701',12,'2021-02-05 14:00:00',4,'2021-02-05 19:00:00',6,5,413.53,'scheduled'),(702,'PAS-702',6,'2021-02-05 08:00:00',12,'2021-02-05 14:00:00',7,6,500.69,'scheduled'),(703,'PAS-703',5,'2021-02-05 17:00:00',2,'2021-02-06 00:00:00',6,7,558.04,'scheduled'),(704,'PAS-704',7,'2021-02-05 20:00:00',10,'2021-02-05 23:00:00',6,4,309.41,'scheduled'),(705,'LNA-705',6,'2021-02-05 13:00:00',8,'2021-02-05 18:00:00',10,6,460.00,'scheduled'),(706,'LNA-706',4,'2021-02-05 20:00:00',9,'2021-02-06 06:00:00',8,11,859.41,'scheduled'),(707,'LNA-707',3,'2021-02-05 08:00:00',3,'2021-02-05 09:00:00',11,1,84.61,'scheduled'),(708,'LNA-708',8,'2021-02-05 16:00:00',5,'2021-02-05 23:00:00',9,7,558.04,'scheduled'),(709,'TTR-709',6,'2021-02-06 08:00:00',12,'2021-02-06 14:00:00',2,6,494.12,'scheduled'),(710,'TTR-710',2,'2021-02-06 19:00:00',9,'2021-02-07 04:00:00',3,9,732.45,'scheduled'),(711,'TTR-711',6,'2021-02-06 15:00:00',11,'2021-02-06 18:00:00',5,3,270.88,'scheduled'),(712,'TTR-712',2,'2021-02-06 03:00:00',12,'2021-02-06 04:00:00',4,2,126.96,'scheduled'),(713,'PAS-713',9,'2021-02-06 18:00:00',11,'2021-02-06 23:00:00',6,5,430.69,'scheduled'),(714,'PAS-714',5,'2021-02-06 14:00:00',7,'2021-02-06 18:00:00',6,4,350.59,'scheduled'),(715,'PAS-715',8,'2021-02-06 01:00:00',8,'2021-02-06 08:00:00',6,7,558.04,'scheduled'),(716,'PAS-716',4,'2021-02-06 03:00:00',4,'2021-02-06 11:00:00',6,8,652.55,'scheduled'),(717,'LNA-717',7,'2021-02-06 19:00:00',12,'2021-02-07 02:00:00',10,8,625.20,'scheduled'),(718,'LNA-718',1,'2021-02-06 11:00:00',5,'2021-02-06 17:00:00',11,6,503.14,'scheduled'),(719,'LNA-719',11,'2021-02-06 04:00:00',6,'2021-02-06 14:00:00',8,11,859.41,'scheduled'),(720,'LNA-720',1,'2021-02-06 09:00:00',9,'2021-02-06 17:00:00',10,9,698.24,'scheduled'),(721,'TTR-721',10,'2021-02-07 18:00:00',10,'2021-02-07 21:00:00',4,4,296.57,'scheduled'),(722,'TTR-722',3,'2021-02-07 13:00:00',2,'2021-02-07 14:00:00',4,2,119.41,'scheduled'),(723,'TTR-723',4,'2021-02-07 17:00:00',2,'2021-02-07 18:00:00',4,1,111.76,'scheduled'),(724,'TTR-724',6,'2021-02-07 10:00:00',7,'2021-02-07 15:00:00',4,5,425.10,'scheduled'),(725,'PAS-725',3,'2021-02-07 07:00:00',2,'2021-02-07 13:00:00',6,6,500.69,'scheduled'),(726,'PAS-726',2,'2021-02-07 02:00:00',2,'2021-02-07 08:00:00',7,6,494.12,'scheduled'),(727,'PAS-727',9,'2021-02-07 13:00:00',9,'2021-02-07 18:00:00',7,5,430.69,'scheduled'),(728,'PAS-728',10,'2021-02-07 17:00:00',5,'2021-02-07 19:00:00',7,2,188.92,'scheduled'),(729,'LNA-729',4,'2021-02-07 10:00:00',6,'2021-02-07 18:00:00',8,8,652.55,'scheduled'),(730,'LNA-730',1,'2021-02-07 09:00:00',7,'2021-02-07 15:00:00',8,6,503.14,'scheduled'),(731,'LNA-731',4,'2021-02-07 02:00:00',1,'2021-02-07 04:00:00',10,2,187.35,'scheduled'),(732,'LNA-732',7,'2021-02-07 05:00:00',8,'2021-02-07 07:00:00',8,2,159.51,'scheduled'),(733,'TTR-733',8,'2021-02-08 12:00:00',7,'2021-02-08 14:00:00',5,2,192.84,'scheduled'),(734,'TTR-734',12,'2021-02-08 00:00:00',6,'2021-02-08 02:00:00',4,3,216.67,'scheduled'),(735,'TTR-735',3,'2021-02-08 13:00:00',5,'2021-02-08 14:00:00',3,2,128.24,'scheduled'),(736,'TTR-736',8,'2021-02-08 03:00:00',2,'2021-02-08 05:00:00',2,2,181.27,'scheduled'),(737,'PAS-737',1,'2021-02-08 13:00:00',4,'2021-02-08 15:00:00',7,2,192.84,'scheduled'),(738,'PAS-738',11,'2021-02-08 23:00:00',11,'2021-02-09 03:00:00',7,5,387.06,'scheduled'),(739,'PAS-739',2,'2021-02-08 03:00:00',12,'2021-02-08 07:00:00',7,4,340.49,'scheduled'),(740,'PAS-740',4,'2021-02-08 16:00:00',2,'2021-02-08 19:00:00',6,3,241.27,'scheduled'),(741,'LNA-741',7,'2021-02-08 05:00:00',11,'2021-02-08 10:00:00',11,5,413.53,'scheduled'),(742,'LNA-742',2,'2021-02-08 23:00:00',9,'2021-02-09 08:00:00',9,10,756.08,'scheduled'),(743,'LNA-743',8,'2021-02-08 12:00:00',12,'2021-02-08 15:00:00',9,3,267.06,'scheduled'),(744,'LNA-744',1,'2021-02-08 10:00:00',8,'2021-02-08 12:00:00',8,2,192.84,'scheduled'),(745,'TTR-745',6,'2021-02-09 23:00:00',8,'2021-02-10 02:00:00',3,4,309.71,'scheduled'),(746,'TTR-746',6,'2021-02-09 23:00:00',1,'2021-02-10 05:00:00',3,6,500.69,'scheduled'),(747,'TTR-747',1,'2021-02-09 00:00:00',11,'2021-02-09 03:00:00',2,4,309.41,'scheduled'),(748,'TTR-748',9,'2021-02-09 19:00:00',8,'2021-02-10 01:00:00',1,6,503.14,'scheduled'),(749,'PAS-749',2,'2021-02-09 09:00:00',4,'2021-02-09 15:00:00',7,7,537.65,'scheduled'),(750,'PAS-750',5,'2021-02-09 08:00:00',8,'2021-02-09 17:00:00',7,9,718.24,'scheduled'),(751,'PAS-751',8,'2021-02-09 19:00:00',4,'2021-02-10 02:00:00',7,7,558.04,'scheduled'),(752,'PAS-752',3,'2021-02-09 12:00:00',9,'2021-02-09 16:00:00',7,4,322.65,'scheduled'),(753,'LNA-753',4,'2021-02-09 00:00:00',3,'2021-02-09 01:00:00',8,1,84.61,'scheduled'),(754,'LNA-754',9,'2021-02-09 07:00:00',6,'2021-02-09 11:00:00',8,5,387.06,'scheduled'),(755,'LNA-755',4,'2021-02-09 11:00:00',1,'2021-02-09 12:00:00',9,1,111.76,'scheduled'),(756,'LNA-756',1,'2021-02-09 09:00:00',10,'2021-02-09 15:00:00',10,6,503.14,'scheduled'),(757,'TTR-757',12,'2021-02-10 04:00:00',6,'2021-02-10 12:00:00',5,9,698.24,'scheduled'),(758,'TTR-758',7,'2021-02-10 18:00:00',5,'2021-02-10 22:00:00',5,4,322.65,'scheduled'),(759,'TTR-759',10,'2021-02-10 11:00:00',1,'2021-02-10 14:00:00',4,4,296.57,'scheduled'),(760,'TTR-760',8,'2021-02-10 02:00:00',9,'2021-02-10 05:00:00',1,3,267.06,'scheduled'),(761,'PAS-761',5,'2021-02-10 17:00:00',11,'2021-02-11 02:00:00',7,10,756.08,'scheduled'),(762,'PAS-762',9,'2021-02-10 23:00:00',6,'2021-02-11 05:00:00',6,7,537.65,'scheduled'),(763,'PAS-763',4,'2021-02-10 08:00:00',1,'2021-02-10 09:00:00',6,2,126.96,'scheduled'),(764,'PAS-764',6,'2021-02-10 11:00:00',4,'2021-02-10 14:00:00',6,3,238.63,'scheduled'),(765,'LNA-765',4,'2021-02-10 03:00:00',2,'2021-02-10 06:00:00',10,3,241.27,'scheduled'),(766,'LNA-766',2,'2021-02-10 02:00:00',1,'2021-02-10 08:00:00',9,6,494.12,'scheduled'),(767,'LNA-767',10,'2021-02-10 16:00:00',2,'2021-02-10 18:00:00',8,2,181.27,'scheduled'),(768,'LNA-768',9,'2021-02-10 09:00:00',11,'2021-02-10 12:00:00',11,3,269.80,'scheduled'),(769,'TTR-769',11,'2021-02-11 22:00:00',7,'2021-02-12 05:00:00',4,8,625.20,'scheduled'),(770,'TTR-770',5,'2021-02-11 10:00:00',1,'2021-02-11 14:00:00',4,4,352.16,'scheduled'),(771,'TTR-771',8,'2021-02-11 02:00:00',5,'2021-02-11 08:00:00',3,6,507.16,'scheduled'),(772,'TTR-772',9,'2021-02-11 23:00:00',2,'2021-02-12 04:00:00',4,5,430.69,'scheduled'),(773,'PAS-773',5,'2021-02-11 18:00:00',8,'2021-02-12 03:00:00',6,10,756.08,'scheduled'),(774,'PAS-774',10,'2021-02-11 11:00:00',7,'2021-02-11 14:00:00',6,3,256.37,'scheduled'),(775,'PAS-775',10,'2021-02-11 00:00:00',6,'2021-02-11 05:00:00',6,5,425.10,'scheduled'),(776,'PAS-776',2,'2021-02-11 00:00:00',7,'2021-02-11 06:00:00',6,6,494.12,'scheduled'),(777,'LNA-777',8,'2021-02-11 14:00:00',11,'2021-02-11 16:00:00',8,2,187.35,'scheduled'),(778,'LNA-778',10,'2021-02-11 17:00:00',3,'2021-02-11 22:00:00',11,5,430.69,'scheduled'),(779,'LNA-779',6,'2021-02-11 07:00:00',9,'2021-02-11 08:00:00',8,1,100.59,'scheduled'),(780,'LNA-780',10,'2021-02-11 12:00:00',10,'2021-02-11 17:00:00',11,5,425.10,'scheduled'),(781,'TTR-781',10,'2021-02-12 13:00:00',2,'2021-02-12 17:00:00',5,4,340.59,'scheduled'),(782,'TTR-782',8,'2021-02-12 23:00:00',6,'2021-02-13 01:00:00',1,2,187.35,'scheduled'),(783,'TTR-783',3,'2021-02-12 16:00:00',11,'2021-02-13 01:00:00',5,9,718.24,'scheduled'),(784,'TTR-784',12,'2021-02-12 15:00:00',8,'2021-02-12 23:00:00',5,8,652.55,'scheduled'),(785,'PAS-785',12,'2021-02-12 23:00:00',9,'2021-02-13 04:00:00',6,5,413.53,'scheduled'),(786,'PAS-786',11,'2021-02-12 00:00:00',12,'2021-02-12 11:00:00',6,12,924.71,'scheduled'),(787,'PAS-787',12,'2021-02-12 11:00:00',5,'2021-02-12 19:00:00',7,9,698.24,'scheduled'),(788,'PAS-788',5,'2021-02-12 16:00:00',8,'2021-02-13 01:00:00',6,10,756.08,'scheduled'),(789,'LNA-789',8,'2021-02-12 02:00:00',2,'2021-02-12 04:00:00',10,2,181.27,'scheduled'),(790,'LNA-790',11,'2021-02-12 15:00:00',7,'2021-02-12 17:00:00',11,3,216.67,'scheduled'),(791,'LNA-791',10,'2021-02-12 13:00:00',6,'2021-02-12 23:00:00',10,10,803.53,'scheduled'),(792,'LNA-792',5,'2021-02-12 20:00:00',5,'2021-02-12 23:00:00',8,4,309.71,'scheduled'),(793,'TTR-793',7,'2021-02-13 01:00:00',12,'2021-02-13 04:00:00',3,3,241.27,'scheduled'),(794,'TTR-794',3,'2021-02-13 07:00:00',8,'2021-02-13 16:00:00',4,9,735.49,'scheduled'),(795,'TTR-795',2,'2021-02-13 21:00:00',1,'2021-02-14 03:00:00',2,7,537.65,'scheduled'),(796,'TTR-796',10,'2021-02-13 00:00:00',11,'2021-02-13 10:00:00',5,10,803.53,'scheduled'),(797,'PAS-797',11,'2021-02-13 17:00:00',11,'2021-02-14 05:00:00',7,12,943.63,'scheduled'),(798,'PAS-798',12,'2021-02-13 06:00:00',1,'2021-02-13 08:00:00',6,3,215.00,'scheduled'),(799,'PAS-799',9,'2021-02-13 19:00:00',6,'2021-02-13 23:00:00',6,4,350.59,'scheduled'),(800,'PAS-800',12,'2021-02-13 13:00:00',7,'2021-02-13 15:00:00',7,3,200.98,'scheduled'),(801,'LNA-801',3,'2021-02-13 16:00:00',9,'2021-02-14 01:00:00',11,9,718.24,'scheduled'),(802,'LNA-802',6,'2021-02-13 22:00:00',4,'2021-02-14 01:00:00',10,4,309.71,'scheduled'),(803,'LNA-803',1,'2021-02-13 21:00:00',2,'2021-02-14 05:00:00',8,9,698.24,'scheduled'),(804,'LNA-804',3,'2021-02-13 03:00:00',10,'2021-02-13 04:00:00',10,2,119.41,'scheduled'),(805,'TTR-805',5,'2021-02-14 21:00:00',10,'2021-02-15 05:00:00',4,8,646.67,'scheduled'),(806,'TTR-806',4,'2021-02-14 11:00:00',4,'2021-02-14 12:00:00',1,1,111.76,'scheduled'),(807,'TTR-807',2,'2021-02-14 03:00:00',11,'2021-02-14 07:00:00',2,4,340.49,'scheduled'),(808,'TTR-808',5,'2021-02-14 16:00:00',10,'2021-02-14 21:00:00',5,5,416.18,'scheduled'),(809,'PAS-809',1,'2021-02-14 13:00:00',3,'2021-02-14 13:00:00',7,0,34.61,'scheduled'),(810,'PAS-810',8,'2021-02-14 13:00:00',3,'2021-02-14 15:00:00',7,2,181.27,'scheduled'),(811,'PAS-811',9,'2021-02-14 16:00:00',4,'2021-02-14 22:00:00',6,6,503.14,'scheduled'),(812,'PAS-812',7,'2021-02-14 03:00:00',5,'2021-02-14 06:00:00',7,3,241.27,'scheduled'),(813,'LNA-813',10,'2021-02-14 22:00:00',11,'2021-02-15 01:00:00',9,3,256.37,'scheduled'),(814,'LNA-814',2,'2021-02-14 00:00:00',5,'2021-02-14 06:00:00',8,6,494.12,'scheduled'),(815,'LNA-815',7,'2021-02-14 13:00:00',1,'2021-02-14 18:00:00',10,5,413.53,'scheduled'),(816,'LNA-816',3,'2021-02-14 06:00:00',4,'2021-02-14 15:00:00',8,9,718.24,'scheduled'),(817,'TTR-817',8,'2021-02-15 03:00:00',6,'2021-02-15 05:00:00',5,3,227.45,'scheduled'),(818,'TTR-818',12,'2021-02-15 13:00:00',9,'2021-02-15 22:00:00',4,9,732.45,'scheduled'),(819,'TTR-819',8,'2021-02-15 10:00:00',1,'2021-02-15 12:00:00',1,2,187.35,'scheduled'),(820,'TTR-820',1,'2021-02-15 18:00:00',10,'2021-02-15 19:00:00',4,1,111.76,'scheduled'),(821,'PAS-821',2,'2021-02-15 19:00:00',2,'2021-02-16 04:00:00',6,10,756.08,'scheduled'),(822,'PAS-822',5,'2021-02-15 20:00:00',11,'2021-02-16 05:00:00',7,10,756.08,'scheduled'),(823,'PAS-823',5,'2021-02-15 21:00:00',5,'2021-02-16 01:00:00',6,4,352.16,'scheduled'),(824,'PAS-824',7,'2021-02-15 10:00:00',1,'2021-02-15 12:00:00',6,2,159.51,'scheduled'),(825,'LNA-825',5,'2021-02-15 11:00:00',10,'2021-02-15 19:00:00',11,8,646.67,'scheduled'),(826,'LNA-826',6,'2021-02-15 08:00:00',5,'2021-02-15 09:00:00',11,1,100.59,'scheduled'),(827,'LNA-827',1,'2021-02-15 22:00:00',1,'2021-02-15 23:00:00',11,2,128.24,'scheduled'),(828,'LNA-828',5,'2021-02-15 10:00:00',3,'2021-02-15 12:00:00',9,3,200.98,'scheduled'),(829,'TTR-829',5,'2021-02-16 23:00:00',4,'2021-02-17 01:00:00',3,3,200.98,'scheduled'),(830,'TTR-830',3,'2021-02-16 02:00:00',5,'2021-02-16 03:00:00',4,2,119.41,'scheduled'),(831,'TTR-831',7,'2021-02-16 18:00:00',6,'2021-02-16 21:00:00',5,3,241.27,'scheduled'),(832,'TTR-832',11,'2021-02-16 16:00:00',9,'2021-02-16 20:00:00',4,5,387.06,'scheduled'),(833,'PAS-833',5,'2021-02-16 11:00:00',5,'2021-02-16 20:00:00',6,9,718.24,'scheduled'),(834,'PAS-834',9,'2021-02-16 12:00:00',11,'2021-02-16 15:00:00',7,3,269.80,'scheduled'),(835,'PAS-835',1,'2021-02-16 03:00:00',2,'2021-02-16 05:00:00',7,2,192.84,'scheduled'),(836,'PAS-836',9,'2021-02-16 22:00:00',11,'2021-02-17 04:00:00',6,6,503.14,'scheduled'),(837,'LNA-837',6,'2021-02-16 18:00:00',6,'2021-02-16 23:00:00',8,5,425.10,'scheduled'),(838,'LNA-838',5,'2021-02-16 16:00:00',2,'2021-02-17 01:00:00',10,9,728.73,'scheduled'),(839,'LNA-839',9,'2021-02-16 16:00:00',5,'2021-02-16 19:00:00',8,3,269.80,'scheduled'),(840,'LNA-840',9,'2021-02-16 19:00:00',7,'2021-02-16 22:00:00',11,3,269.80,'scheduled'),(841,'TTR-841',8,'2021-02-17 20:00:00',10,'2021-02-17 22:00:00',4,2,187.35,'scheduled'),(842,'TTR-842',8,'2021-02-17 05:00:00',4,'2021-02-17 08:00:00',4,3,267.06,'scheduled'),(843,'TTR-843',11,'2021-02-17 20:00:00',7,'2021-02-17 22:00:00',5,3,216.67,'scheduled'),(844,'TTR-844',9,'2021-02-17 02:00:00',5,'2021-02-17 06:00:00',3,5,387.06,'scheduled'),(845,'PAS-845',5,'2021-02-17 17:00:00',3,'2021-02-18 02:00:00',6,10,756.08,'scheduled'),(846,'PAS-846',12,'2021-02-17 11:00:00',5,'2021-02-17 13:00:00',6,3,215.00,'scheduled'),(847,'PAS-847',4,'2021-02-17 15:00:00',12,'2021-02-17 21:00:00',7,6,481.18,'scheduled'),(848,'PAS-848',6,'2021-02-17 03:00:00',4,'2021-02-17 06:00:00',6,3,270.88,'scheduled'),(849,'LNA-849',2,'2021-02-17 00:00:00',2,'2021-02-17 02:00:00',10,2,188.92,'scheduled'),(850,'LNA-850',10,'2021-02-17 01:00:00',3,'2021-02-17 09:00:00',9,8,644.41,'scheduled'),(851,'LNA-851',7,'2021-02-17 13:00:00',6,'2021-02-17 16:00:00',10,3,241.27,'scheduled'),(852,'LNA-852',1,'2021-02-17 11:00:00',5,'2021-02-17 22:00:00',11,11,890.20,'scheduled'),(853,'TTR-853',1,'2021-02-18 15:00:00',7,'2021-02-18 18:00:00',3,4,309.41,'scheduled'),(854,'TTR-854',8,'2021-02-18 11:00:00',9,'2021-02-18 13:00:00',1,3,227.45,'scheduled'),(855,'TTR-855',5,'2021-02-18 03:00:00',11,'2021-02-18 07:00:00',1,4,350.59,'scheduled'),(856,'TTR-856',6,'2021-02-18 23:00:00',5,'2021-02-19 05:00:00',2,6,494.12,'scheduled'),(857,'PAS-857',7,'2021-02-18 06:00:00',3,'2021-02-18 11:00:00',7,5,416.18,'scheduled'),(858,'PAS-858',2,'2021-02-18 09:00:00',5,'2021-02-18 11:00:00',6,2,188.92,'scheduled'),(859,'PAS-859',4,'2021-02-18 21:00:00',6,'2021-02-19 00:00:00',6,3,256.37,'scheduled'),(860,'PAS-860',10,'2021-02-18 16:00:00',6,'2021-02-18 19:00:00',6,4,296.57,'scheduled'),(861,'LNA-861',6,'2021-02-18 06:00:00',7,'2021-02-18 08:00:00',10,2,185.10,'scheduled'),(862,'LNA-862',8,'2021-02-18 10:00:00',2,'2021-02-18 13:00:00',8,3,270.88,'scheduled'),(863,'LNA-863',5,'2021-02-18 03:00:00',4,'2021-02-18 08:00:00',11,5,416.18,'scheduled'),(864,'LNA-864',11,'2021-02-18 18:00:00',2,'2021-02-18 20:00:00',11,3,216.67,'scheduled'),(865,'TTR-865',11,'2021-02-19 23:00:00',12,'2021-02-20 09:00:00',1,10,803.53,'scheduled'),(866,'TTR-866',3,'2021-02-19 02:00:00',3,'2021-02-19 11:00:00',2,9,735.49,'scheduled'),(867,'TTR-867',3,'2021-02-19 04:00:00',6,'2021-02-19 08:00:00',5,4,322.65,'scheduled'),(868,'TTR-868',6,'2021-02-19 22:00:00',11,'2021-02-20 01:00:00',3,4,309.71,'scheduled'),(869,'PAS-869',2,'2021-02-19 05:00:00',10,'2021-02-19 07:00:00',7,3,227.45,'scheduled'),(870,'PAS-870',10,'2021-02-19 16:00:00',4,'2021-02-19 19:00:00',7,3,256.37,'scheduled'),(871,'PAS-871',12,'2021-02-19 02:00:00',11,'2021-02-19 07:00:00',6,5,413.53,'scheduled'),(872,'PAS-872',5,'2021-02-19 08:00:00',2,'2021-02-19 13:00:00',7,5,416.18,'scheduled'),(873,'LNA-873',11,'2021-02-19 00:00:00',5,'2021-02-19 07:00:00',8,8,625.20,'scheduled'),(874,'LNA-874',2,'2021-02-19 06:00:00',7,'2021-02-19 08:00:00',11,2,188.92,'scheduled'),(875,'LNA-875',6,'2021-02-19 16:00:00',11,'2021-02-19 22:00:00',10,6,494.12,'scheduled'),(876,'LNA-876',10,'2021-02-19 02:00:00',1,'2021-02-19 07:00:00',10,5,430.69,'scheduled'),(877,'TTR-877',2,'2021-02-20 02:00:00',8,'2021-02-20 03:00:00',5,2,126.96,'scheduled'),(878,'TTR-878',2,'2021-02-20 19:00:00',12,'2021-02-21 06:00:00',5,12,924.71,'scheduled'),(879,'TTR-879',6,'2021-02-20 23:00:00',8,'2021-02-21 02:00:00',2,4,309.71,'scheduled'),(880,'TTR-880',3,'2021-02-20 00:00:00',9,'2021-02-20 12:00:00',2,12,943.63,'scheduled'),(881,'PAS-881',11,'2021-02-20 12:00:00',10,'2021-02-21 00:00:00',7,12,943.63,'scheduled'),(882,'PAS-882',5,'2021-02-20 11:00:00',5,'2021-02-20 13:00:00',6,3,200.98,'scheduled'),(883,'PAS-883',5,'2021-02-20 21:00:00',10,'2021-02-21 05:00:00',6,8,646.67,'scheduled'),(884,'PAS-884',7,'2021-02-20 06:00:00',5,'2021-02-20 09:00:00',7,4,309.41,'scheduled'),(885,'LNA-885',3,'2021-02-20 22:00:00',3,'2021-02-21 01:00:00',8,4,296.57,'scheduled'),(886,'LNA-886',3,'2021-02-20 23:00:00',10,'2021-02-21 06:00:00',8,7,565.69,'scheduled'),(887,'LNA-887',10,'2021-02-20 15:00:00',8,'2021-02-20 17:00:00',11,2,181.27,'scheduled'),(888,'LNA-888',3,'2021-02-20 14:00:00',7,'2021-02-20 15:00:00',10,2,119.41,'scheduled'),(889,'TTR-889',8,'2021-02-21 15:00:00',7,'2021-02-21 18:00:00',1,4,310.59,'scheduled'),(890,'TTR-890',9,'2021-02-21 23:00:00',5,'2021-02-22 05:00:00',4,6,481.18,'scheduled'),(891,'TTR-891',1,'2021-02-21 08:00:00',10,'2021-02-21 08:00:00',1,0,34.61,'scheduled'),(892,'TTR-892',2,'2021-02-21 01:00:00',3,'2021-02-21 05:00:00',5,4,340.49,'scheduled'),(893,'PAS-893',8,'2021-02-21 13:00:00',12,'2021-02-21 15:00:00',7,2,181.27,'scheduled'),(894,'PAS-894',12,'2021-02-21 20:00:00',5,'2021-02-22 01:00:00',7,5,413.53,'scheduled'),(895,'PAS-895',10,'2021-02-21 16:00:00',4,'2021-02-22 02:00:00',7,10,803.53,'scheduled'),(896,'PAS-896',8,'2021-02-21 00:00:00',9,'2021-02-21 02:00:00',7,2,187.35,'scheduled'),(897,'LNA-897',4,'2021-02-21 17:00:00',9,'2021-02-21 19:00:00',8,2,187.35,'scheduled'),(898,'LNA-898',10,'2021-02-21 18:00:00',12,'2021-02-22 03:00:00',11,9,728.73,'scheduled'),(899,'LNA-899',7,'2021-02-21 09:00:00',9,'2021-02-21 12:00:00',10,3,241.27,'scheduled'),(900,'LNA-900',11,'2021-02-21 03:00:00',4,'2021-02-21 15:00:00',9,12,943.63,'scheduled'),(901,'TTR-901',4,'2021-02-22 04:00:00',3,'2021-02-22 06:00:00',3,2,187.35,'scheduled'),(902,'TTR-902',7,'2021-02-22 02:00:00',12,'2021-02-22 06:00:00',5,4,340.49,'scheduled'),(903,'TTR-903',8,'2021-02-22 10:00:00',6,'2021-02-22 16:00:00',3,6,507.16,'scheduled'),(904,'TTR-904',2,'2021-02-22 02:00:00',5,'2021-02-22 04:00:00',3,2,188.92,'scheduled'),(905,'PAS-905',2,'2021-02-22 20:00:00',4,'2021-02-23 02:00:00',7,7,537.65,'scheduled'),(906,'PAS-906',1,'2021-02-22 11:00:00',12,'2021-02-22 19:00:00',6,9,698.24,'scheduled'),(907,'PAS-907',10,'2021-02-22 08:00:00',6,'2021-02-22 10:00:00',7,2,188.92,'scheduled'),(908,'PAS-908',5,'2021-02-22 04:00:00',9,'2021-02-22 08:00:00',7,4,350.59,'scheduled'),(909,'LNA-909',7,'2021-02-22 16:00:00',10,'2021-02-22 18:00:00',10,2,159.51,'scheduled'),(910,'LNA-910',1,'2021-02-22 20:00:00',11,'2021-02-22 21:00:00',10,2,128.24,'scheduled'),(911,'LNA-911',10,'2021-02-22 21:00:00',6,'2021-02-23 01:00:00',8,4,340.59,'scheduled'),(912,'LNA-912',3,'2021-02-22 06:00:00',2,'2021-02-22 07:00:00',10,1,84.61,'scheduled'),(913,'TTR-913',4,'2021-02-23 09:00:00',9,'2021-02-23 19:00:00',3,11,859.41,'scheduled'),(914,'TTR-914',6,'2021-02-23 02:00:00',11,'2021-02-23 07:00:00',3,5,416.67,'scheduled'),(915,'TTR-915',4,'2021-02-23 15:00:00',7,'2021-02-23 16:00:00',4,2,126.96,'scheduled'),(916,'TTR-916',9,'2021-02-23 17:00:00',11,'2021-02-23 21:00:00',1,4,350.59,'scheduled'),(917,'PAS-917',12,'2021-02-23 17:00:00',4,'2021-02-24 01:00:00',7,8,644.41,'scheduled'),(918,'PAS-918',8,'2021-02-23 00:00:00',9,'2021-02-23 06:00:00',6,6,507.16,'scheduled'),(919,'PAS-919',6,'2021-02-23 16:00:00',3,'2021-02-23 21:00:00',6,6,443.04,'scheduled'),(920,'PAS-920',9,'2021-02-23 07:00:00',8,'2021-02-23 13:00:00',6,6,503.14,'scheduled'),(921,'LNA-921',7,'2021-02-23 08:00:00',6,'2021-02-23 15:00:00',11,8,625.20,'scheduled'),(922,'LNA-922',1,'2021-02-23 03:00:00',5,'2021-02-23 06:00:00',8,4,309.41,'scheduled'),(923,'LNA-923',6,'2021-02-23 07:00:00',4,'2021-02-23 09:00:00',11,2,185.10,'scheduled'),(924,'LNA-924',4,'2021-02-23 08:00:00',4,'2021-02-23 09:00:00',11,1,84.61,'scheduled'),(925,'TTR-925',4,'2021-02-24 04:00:00',4,'2021-02-24 14:00:00',5,11,859.41,'scheduled'),(926,'TTR-926',7,'2021-02-24 14:00:00',8,'2021-02-24 16:00:00',2,2,159.51,'scheduled'),(927,'TTR-927',11,'2021-02-24 22:00:00',12,'2021-02-25 00:00:00',1,3,216.67,'scheduled'),(928,'TTR-928',8,'2021-02-24 22:00:00',8,'2021-02-25 00:00:00',4,2,187.35,'scheduled'),(929,'PAS-929',6,'2021-02-24 21:00:00',9,'2021-02-25 02:00:00',7,5,416.67,'scheduled'),(930,'PAS-930',2,'2021-02-24 21:00:00',8,'2021-02-24 23:00:00',6,2,188.92,'scheduled'),(931,'PAS-931',6,'2021-02-24 15:00:00',2,'2021-02-24 21:00:00',7,6,494.12,'scheduled'),(932,'PAS-932',12,'2021-02-24 12:00:00',9,'2021-02-24 14:00:00',7,3,215.00,'scheduled'),(933,'LNA-933',3,'2021-02-24 15:00:00',6,'2021-02-24 16:00:00',9,2,119.41,'scheduled'),(934,'LNA-934',12,'2021-02-24 00:00:00',7,'2021-02-24 02:00:00',9,3,200.98,'scheduled'),(935,'LNA-935',3,'2021-02-24 16:00:00',3,'2021-02-24 22:00:00',9,6,500.69,'scheduled'),(936,'LNA-936',4,'2021-02-24 07:00:00',12,'2021-02-24 08:00:00',9,1,111.76,'scheduled'),(937,'TTR-937',3,'2021-02-25 23:00:00',9,'2021-02-26 03:00:00',1,4,322.65,'scheduled'),(938,'TTR-938',6,'2021-02-25 20:00:00',9,'2021-02-26 02:00:00',5,6,500.69,'scheduled'),(939,'TTR-939',8,'2021-02-25 20:00:00',3,'2021-02-25 23:00:00',5,3,267.06,'scheduled'),(940,'TTR-940',4,'2021-02-25 18:00:00',4,'2021-02-26 04:00:00',3,11,859.41,'scheduled'),(941,'PAS-941',9,'2021-02-25 18:00:00',10,'2021-02-25 23:00:00',7,5,430.69,'scheduled'),(942,'PAS-942',10,'2021-02-25 14:00:00',10,'2021-02-25 19:00:00',7,5,425.10,'scheduled'),(943,'PAS-943',10,'2021-02-25 06:00:00',9,'2021-02-25 08:00:00',6,2,181.27,'scheduled'),(944,'PAS-944',5,'2021-02-25 22:00:00',9,'2021-02-26 00:00:00',6,3,200.98,'scheduled'),(945,'LNA-945',10,'2021-02-25 00:00:00',2,'2021-02-25 05:00:00',8,5,430.69,'scheduled'),(946,'LNA-946',1,'2021-02-25 08:00:00',1,'2021-02-25 10:00:00',11,2,169.02,'scheduled'),(947,'LNA-947',8,'2021-02-25 01:00:00',1,'2021-02-25 03:00:00',9,2,187.35,'scheduled'),(948,'LNA-948',10,'2021-02-25 16:00:00',8,'2021-02-26 02:00:00',10,10,803.53,'scheduled'),(949,'TTR-949',5,'2021-02-26 07:00:00',3,'2021-02-26 09:00:00',3,3,200.98,'scheduled'),(950,'TTR-950',9,'2021-02-26 17:00:00',4,'2021-02-26 23:00:00',3,7,537.65,'scheduled'),(951,'TTR-951',1,'2021-02-26 04:00:00',4,'2021-02-26 05:00:00',5,2,128.24,'scheduled'),(952,'TTR-952',4,'2021-02-26 07:00:00',12,'2021-02-26 10:00:00',3,3,256.37,'scheduled'),(953,'PAS-953',1,'2021-02-26 21:00:00',1,'2021-02-27 08:00:00',6,11,890.20,'scheduled'),(954,'PAS-954',6,'2021-02-26 05:00:00',9,'2021-02-26 10:00:00',7,6,460.00,'scheduled'),(955,'PAS-955',1,'2021-02-26 19:00:00',5,'2021-02-26 21:00:00',7,2,169.02,'scheduled'),(956,'PAS-956',2,'2021-02-26 00:00:00',2,'2021-02-26 11:00:00',7,12,924.71,'scheduled'),(957,'LNA-957',6,'2021-02-26 19:00:00',1,'2021-02-27 00:00:00',10,5,416.67,'scheduled'),(958,'LNA-958',2,'2021-02-26 09:00:00',9,'2021-02-26 09:00:00',9,0,34.61,'scheduled'),(959,'LNA-959',12,'2021-02-26 06:00:00',2,'2021-02-26 09:00:00',11,3,238.63,'scheduled'),(960,'LNA-960',12,'2021-02-26 11:00:00',12,'2021-02-26 14:00:00',8,3,238.63,'scheduled'),(961,'TTR-961',4,'2021-02-27 15:00:00',8,'2021-02-27 16:00:00',1,2,126.96,'scheduled'),(962,'TTR-962',12,'2021-02-27 03:00:00',12,'2021-02-27 05:00:00',4,3,200.98,'scheduled'),(963,'TTR-963',1,'2021-02-27 11:00:00',2,'2021-02-27 14:00:00',5,4,309.41,'scheduled'),(964,'TTR-964',2,'2021-02-27 15:00:00',11,'2021-02-27 17:00:00',3,2,188.92,'scheduled'),(965,'PAS-965',5,'2021-02-27 00:00:00',5,'2021-02-27 08:00:00',7,8,646.67,'scheduled'),(966,'PAS-966',9,'2021-02-27 01:00:00',5,'2021-02-27 08:00:00',6,7,565.69,'scheduled'),(967,'PAS-967',10,'2021-02-27 05:00:00',4,'2021-02-27 07:00:00',6,2,181.27,'scheduled'),(968,'PAS-968',7,'2021-02-27 15:00:00',5,'2021-02-27 19:00:00',7,4,340.59,'scheduled'),(969,'LNA-969',11,'2021-02-27 13:00:00',11,'2021-02-27 17:00:00',10,4,352.16,'scheduled'),(970,'LNA-970',4,'2021-02-27 12:00:00',3,'2021-02-27 15:00:00',9,3,241.27,'scheduled'),(971,'LNA-971',2,'2021-02-27 08:00:00',11,'2021-02-27 12:00:00',11,4,340.49,'scheduled'),(972,'LNA-972',9,'2021-02-27 07:00:00',7,'2021-02-27 13:00:00',8,6,481.18,'scheduled'),(973,'TTR-973',8,'2021-02-28 19:00:00',11,'2021-02-28 21:00:00',4,2,192.84,'scheduled'),(974,'TTR-974',9,'2021-02-28 02:00:00',4,'2021-02-28 03:00:00',4,1,100.59,'scheduled'),(975,'TTR-975',7,'2021-02-28 10:00:00',8,'2021-02-28 15:00:00',1,5,416.18,'scheduled'),(976,'TTR-976',1,'2021-02-28 01:00:00',8,'2021-02-28 09:00:00',2,9,698.24,'scheduled'),(977,'PAS-977',9,'2021-02-28 01:00:00',1,'2021-02-28 07:00:00',7,7,537.65,'scheduled'),(978,'PAS-978',3,'2021-02-28 03:00:00',12,'2021-02-28 06:00:00',7,3,267.06,'scheduled'),(979,'PAS-979',3,'2021-02-28 16:00:00',11,'2021-02-28 23:00:00',7,7,565.69,'scheduled'),(980,'PAS-980',11,'2021-02-28 04:00:00',4,'2021-02-28 15:00:00',7,11,890.20,'scheduled'),(981,'LNA-981',3,'2021-02-28 11:00:00',3,'2021-02-28 23:00:00',8,12,943.63,'scheduled'),(982,'LNA-982',5,'2021-02-28 23:00:00',12,'2021-03-01 01:00:00',8,3,200.98,'scheduled'),(983,'LNA-983',9,'2021-02-28 01:00:00',8,'2021-02-28 04:00:00',9,4,310.59,'scheduled'),(984,'LNA-984',10,'2021-02-28 11:00:00',4,'2021-02-28 16:00:00',11,5,425.10,'scheduled'),(985,'TTR-985',2,'2021-03-01 22:00:00',12,'2021-03-01 23:00:00',3,2,119.41,'scheduled'),(986,'TTR-986',10,'2021-03-01 08:00:00',5,'2021-03-01 10:00:00',2,2,169.02,'scheduled'),(987,'TTR-987',8,'2021-03-01 08:00:00',3,'2021-03-01 10:00:00',3,2,192.84,'scheduled'),(988,'TTR-988',7,'2021-03-01 20:00:00',12,'2021-03-01 22:00:00',2,2,185.10,'scheduled'),(989,'PAS-989',3,'2021-03-01 16:00:00',11,'2021-03-02 01:00:00',6,9,735.49,'scheduled'),(990,'PAS-990',8,'2021-03-01 14:00:00',4,'2021-03-01 17:00:00',7,3,270.88,'scheduled'),(991,'PAS-991',7,'2021-03-01 19:00:00',5,'2021-03-01 21:00:00',7,2,185.10,'scheduled'),(992,'PAS-992',10,'2021-03-01 07:00:00',8,'2021-03-01 10:00:00',6,4,296.57,'scheduled'),(993,'LNA-993',7,'2021-03-01 21:00:00',3,'2021-03-02 00:00:00',8,3,241.27,'scheduled'),(994,'LNA-994',7,'2021-03-01 13:00:00',11,'2021-03-01 15:00:00',8,2,185.10,'scheduled'),(995,'LNA-995',11,'2021-03-01 14:00:00',1,'2021-03-01 22:00:00',11,9,697.45,'scheduled'),(996,'LNA-996',5,'2021-03-01 19:00:00',2,'2021-03-02 04:00:00',11,9,725.49,'scheduled'),(997,'TTR-997',9,'2021-03-02 00:00:00',9,'2021-03-02 03:00:00',3,3,269.80,'scheduled'),(998,'TTR-998',4,'2021-03-02 10:00:00',7,'2021-03-02 12:00:00',5,2,187.35,'scheduled'),(999,'TTR-999',3,'2021-03-02 08:00:00',4,'2021-03-02 11:00:00',2,3,267.06,'scheduled'),(1000,'TTR-1000',12,'2021-03-02 21:00:00',10,'2021-03-03 05:00:00',3,8,644.41,'scheduled'),(1001,'PAS-1001',2,'2021-03-02 13:00:00',2,'2021-03-02 13:00:00',7,0,34.61,'scheduled'),(1002,'PAS-1002',7,'2021-03-02 11:00:00',7,'2021-03-02 14:00:00',7,3,269.80,'scheduled'),(1003,'PAS-1003',7,'2021-03-02 16:00:00',12,'2021-03-02 18:00:00',6,2,185.10,'scheduled'),(1004,'PAS-1004',11,'2021-03-02 20:00:00',12,'2021-03-03 00:00:00',7,5,387.06,'scheduled'),(1005,'LNA-1005',11,'2021-03-02 03:00:00',6,'2021-03-02 13:00:00',9,11,859.41,'scheduled'),(1006,'LNA-1006',8,'2021-03-02 14:00:00',6,'2021-03-02 17:00:00',10,3,267.06,'scheduled'),(1007,'LNA-1007',11,'2021-03-02 02:00:00',10,'2021-03-02 12:00:00',11,10,803.53,'scheduled'),(1008,'LNA-1008',4,'2021-03-02 18:00:00',2,'2021-03-03 00:00:00',10,6,481.18,'scheduled'),(1009,'TTR-1009',12,'2021-03-03 07:00:00',3,'2021-03-03 15:00:00',1,8,644.41,'scheduled'),(1010,'TTR-1010',9,'2021-03-03 08:00:00',7,'2021-03-03 13:00:00',1,5,430.69,'scheduled'),(1011,'TTR-1011',5,'2021-03-03 14:00:00',7,'2021-03-03 23:00:00',4,9,728.73,'scheduled'),(1012,'TTR-1012',6,'2021-03-03 19:00:00',5,'2021-03-03 20:00:00',1,1,100.59,'scheduled'),(1013,'PAS-1013',12,'2021-03-03 21:00:00',2,'2021-03-04 06:00:00',6,9,732.45,'scheduled'),(1014,'PAS-1014',6,'2021-03-03 18:00:00',2,'2021-03-03 21:00:00',6,3,270.88,'scheduled'),(1015,'PAS-1015',2,'2021-03-03 11:00:00',9,'2021-03-03 17:00:00',7,6,494.12,'scheduled'),(1016,'PAS-1016',3,'2021-03-03 13:00:00',12,'2021-03-03 22:00:00',7,9,718.24,'scheduled'),(1017,'LNA-1017',1,'2021-03-03 18:00:00',8,'2021-03-03 23:00:00',11,6,460.00,'scheduled'),(1018,'LNA-1018',5,'2021-03-03 09:00:00',8,'2021-03-03 18:00:00',8,9,728.73,'scheduled'),(1019,'LNA-1019',9,'2021-03-03 22:00:00',10,'2021-03-04 04:00:00',9,7,537.65,'scheduled'),(1020,'LNA-1020',9,'2021-03-03 00:00:00',6,'2021-03-03 07:00:00',9,7,565.69,'scheduled'),(1021,'TTR-1021',2,'2021-03-04 17:00:00',1,'2021-03-04 17:00:00',1,0,34.61,'scheduled'),(1022,'TTR-1022',4,'2021-03-04 19:00:00',1,'2021-03-04 20:00:00',1,2,126.96,'scheduled'),(1023,'TTR-1023',4,'2021-03-04 21:00:00',9,'2021-03-05 00:00:00',3,3,241.27,'scheduled'),(1024,'TTR-1024',1,'2021-03-04 04:00:00',10,'2021-03-04 04:00:00',1,0,34.61,'scheduled'),(1025,'PAS-1025',10,'2021-03-04 02:00:00',4,'2021-03-04 11:00:00',7,9,728.73,'scheduled'),(1026,'PAS-1026',2,'2021-03-04 13:00:00',2,'2021-03-04 22:00:00',6,9,732.45,'scheduled'),(1027,'PAS-1027',3,'2021-03-04 03:00:00',6,'2021-03-04 12:00:00',6,9,735.49,'scheduled'),(1028,'PAS-1028',11,'2021-03-04 20:00:00',7,'2021-03-05 06:00:00',6,10,803.53,'scheduled'),(1029,'LNA-1029',12,'2021-03-04 06:00:00',12,'2021-03-04 12:00:00',11,6,507.16,'scheduled'),(1030,'LNA-1030',8,'2021-03-04 06:00:00',8,'2021-03-04 09:00:00',9,4,310.59,'scheduled'),(1031,'LNA-1031',6,'2021-03-04 21:00:00',11,'2021-03-05 03:00:00',9,6,500.69,'scheduled'),(1032,'LNA-1032',1,'2021-03-04 01:00:00',7,'2021-03-04 10:00:00',11,9,725.49,'scheduled'),(1033,'TTR-1033',1,'2021-03-05 10:00:00',3,'2021-03-05 21:00:00',4,11,890.20,'scheduled'),(1034,'TTR-1034',5,'2021-03-05 06:00:00',4,'2021-03-05 10:00:00',3,4,352.16,'scheduled'),(1035,'TTR-1035',2,'2021-03-05 09:00:00',6,'2021-03-05 18:00:00',3,9,732.45,'scheduled'),(1036,'TTR-1036',5,'2021-03-05 13:00:00',7,'2021-03-05 16:00:00',2,4,309.71,'scheduled'),(1037,'PAS-1037',5,'2021-03-05 17:00:00',6,'2021-03-06 00:00:00',6,7,558.04,'scheduled'),(1038,'PAS-1038',12,'2021-03-05 04:00:00',12,'2021-03-05 12:00:00',7,8,652.55,'scheduled'),(1039,'PAS-1039',8,'2021-03-05 16:00:00',1,'2021-03-05 18:00:00',6,2,192.84,'scheduled'),(1040,'PAS-1040',2,'2021-03-05 15:00:00',12,'2021-03-05 21:00:00',6,7,537.65,'scheduled'),(1041,'LNA-1041',12,'2021-03-05 14:00:00',7,'2021-03-05 17:00:00',8,3,238.63,'scheduled'),(1042,'LNA-1042',9,'2021-03-05 08:00:00',3,'2021-03-05 12:00:00',8,5,387.06,'scheduled'),(1043,'LNA-1043',1,'2021-03-05 02:00:00',3,'2021-03-05 13:00:00',9,11,890.20,'scheduled'),(1044,'LNA-1044',8,'2021-03-05 12:00:00',10,'2021-03-05 14:00:00',10,2,159.51,'scheduled'),(1045,'TTR-1045',1,'2021-03-06 19:00:00',3,'2021-03-06 21:00:00',1,2,192.84,'scheduled'),(1046,'TTR-1046',2,'2021-03-06 18:00:00',12,'2021-03-06 22:00:00',4,4,340.49,'scheduled'),(1047,'TTR-1047',4,'2021-03-06 04:00:00',8,'2021-03-06 12:00:00',5,8,652.55,'scheduled'),(1048,'TTR-1048',1,'2021-03-06 21:00:00',4,'2021-03-07 03:00:00',1,6,503.14,'scheduled'),(1049,'PAS-1049',11,'2021-03-06 08:00:00',1,'2021-03-06 18:00:00',6,11,859.41,'scheduled'),(1050,'PAS-1050',7,'2021-03-06 16:00:00',1,'2021-03-06 21:00:00',6,5,416.18,'scheduled'),(1051,'PAS-1051',12,'2021-03-06 12:00:00',7,'2021-03-06 21:00:00',7,9,732.45,'scheduled'),(1052,'PAS-1052',8,'2021-03-06 19:00:00',3,'2021-03-07 02:00:00',6,7,558.04,'scheduled'),(1053,'LNA-1053',5,'2021-03-06 17:00:00',11,'2021-03-07 02:00:00',10,10,756.08,'scheduled'),(1054,'LNA-1054',1,'2021-03-06 09:00:00',3,'2021-03-06 10:00:00',8,2,128.24,'scheduled'),(1055,'LNA-1055',6,'2021-03-06 18:00:00',4,'2021-03-06 21:00:00',8,4,309.71,'scheduled'),(1056,'LNA-1056',10,'2021-03-06 14:00:00',8,'2021-03-06 16:00:00',8,2,169.02,'scheduled'),(1057,'TTR-1057',6,'2021-03-07 05:00:00',9,'2021-03-07 10:00:00',2,6,460.00,'scheduled'),(1058,'TTR-1058',6,'2021-03-07 10:00:00',12,'2021-03-07 15:00:00',3,5,425.10,'scheduled'),(1059,'TTR-1059',2,'2021-03-07 08:00:00',8,'2021-03-07 14:00:00',4,7,537.65,'scheduled'),(1060,'TTR-1060',7,'2021-03-07 10:00:00',11,'2021-03-07 14:00:00',5,4,322.65,'scheduled'),(1061,'PAS-1061',9,'2021-03-07 08:00:00',2,'2021-03-07 14:00:00',6,6,481.18,'scheduled'),(1062,'PAS-1062',3,'2021-03-07 11:00:00',12,'2021-03-07 20:00:00',7,9,718.24,'scheduled'),(1063,'PAS-1063',7,'2021-03-07 16:00:00',2,'2021-03-07 20:00:00',6,4,322.65,'scheduled'),(1064,'PAS-1064',9,'2021-03-07 14:00:00',5,'2021-03-07 20:00:00',6,6,503.14,'scheduled'),(1065,'LNA-1065',1,'2021-03-07 21:00:00',6,'2021-03-07 21:00:00',11,0,34.61,'scheduled'),(1066,'LNA-1066',10,'2021-03-07 05:00:00',8,'2021-03-07 10:00:00',10,5,430.69,'scheduled'),(1067,'LNA-1067',2,'2021-03-07 06:00:00',10,'2021-03-07 07:00:00',9,2,126.96,'scheduled'),(1068,'LNA-1068',9,'2021-03-07 19:00:00',10,'2021-03-07 22:00:00',9,3,269.80,'scheduled'),(1069,'TTR-1069',5,'2021-03-08 23:00:00',9,'2021-03-09 08:00:00',4,9,728.73,'scheduled'),(1070,'TTR-1070',5,'2021-03-08 11:00:00',2,'2021-03-08 15:00:00',4,4,352.16,'scheduled'),(1071,'TTR-1071',5,'2021-03-08 04:00:00',5,'2021-03-08 13:00:00',5,9,728.73,'scheduled'),(1072,'TTR-1072',2,'2021-03-08 12:00:00',11,'2021-03-08 21:00:00',3,9,732.45,'scheduled'),(1073,'PAS-1073',9,'2021-03-08 22:00:00',9,'2021-03-09 03:00:00',7,5,430.69,'scheduled'),(1074,'PAS-1074',6,'2021-03-08 01:00:00',8,'2021-03-08 04:00:00',7,3,270.88,'scheduled'),(1075,'PAS-1075',6,'2021-03-08 07:00:00',4,'2021-03-08 12:00:00',7,6,443.04,'scheduled'),(1076,'PAS-1076',11,'2021-03-08 06:00:00',4,'2021-03-08 10:00:00',6,5,387.06,'scheduled'),(1077,'LNA-1077',2,'2021-03-08 13:00:00',4,'2021-03-08 22:00:00',10,10,756.08,'scheduled'),(1078,'LNA-1078',5,'2021-03-08 15:00:00',1,'2021-03-08 19:00:00',9,4,350.59,'scheduled'),(1079,'LNA-1079',8,'2021-03-08 08:00:00',10,'2021-03-08 16:00:00',11,9,697.45,'scheduled'),(1080,'LNA-1080',9,'2021-03-08 06:00:00',8,'2021-03-08 13:00:00',10,7,565.69,'scheduled');
/*!40000 ALTER TABLE `flights` ENABLE KEYS */;
UNLOCK TABLES;

--
-- Table structure for table `migrations`
--

DROP TABLE IF EXISTS `migrations`;
/*!40101 SET @saved_cs_client     = @@character_set_client */;
/*!40101 SET character_set_client = utf8 */;
CREATE TABLE `migrations` (
  `id` int unsigned NOT NULL AUTO_INCREMENT,
  `migration` varchar(255) COLLATE utf8mb4_unicode_ci NOT NULL,
  `batch` int NOT NULL,
  PRIMARY KEY (`id`)
) ENGINE=InnoDB AUTO_INCREMENT=6 DEFAULT CHARSET=utf8mb4 COLLATE=utf8mb4_unicode_ci;
/*!40101 SET character_set_client = @saved_cs_client */;

--
-- Dumping data for table `migrations`
--

LOCK TABLES `migrations` WRITE;
/*!40000 ALTER TABLE `migrations` DISABLE KEYS */;
INSERT INTO `migrations` VALUES (1,'2020_01_25_001905_create_airlines_table',1),(2,'2020_01_25_002008_create_airplanes_table',1),(3,'2020_01_25_002023_create_airports_table',1),(4,'2020_01_25_002051_create_flights_table',1),(5,'2020_12_09_144126_create_distances_table',1);
/*!40000 ALTER TABLE `migrations` ENABLE KEYS */;
UNLOCK TABLES;
/*!40103 SET TIME_ZONE=@OLD_TIME_ZONE */;

/*!40101 SET SQL_MODE=@OLD_SQL_MODE */;
/*!40014 SET FOREIGN_KEY_CHECKS=@OLD_FOREIGN_KEY_CHECKS */;
/*!40014 SET UNIQUE_CHECKS=@OLD_UNIQUE_CHECKS */;
/*!40101 SET CHARACTER_SET_CLIENT=@OLD_CHARACTER_SET_CLIENT */;
/*!40101 SET CHARACTER_SET_RESULTS=@OLD_CHARACTER_SET_RESULTS */;
/*!40101 SET COLLATION_CONNECTION=@OLD_COLLATION_CONNECTION */;
/*!40111 SET SQL_NOTES=@OLD_SQL_NOTES */;

-- Dump completed on 2020-12-09 15:54:20
